[2026-09-06T17:33:50.716Z] INFO: HouseBank API listening on port 3001 (development) 
[2026-09-07T09:57:57.145Z] INFO: HouseBank API listening on port 3001 (development) 
[2026-09-07T10:10:10.821Z] ERROR: Failed to send email {"to":"tmsonsuces@gmail.com","error":"Invalid login: 535 Incorrect authentication data"}
[2026-09-07T10:10:10.823Z] WARNING: OTP email failed to send — code for tmsonsuces@gmail.com (verify your HouseBank account): 524356 
[2026-09-07T10:21:54.480Z] INFO: HouseBank API listening on port 3001 (development) 
[2026-09-07T10:22:11.772Z] INFO: HouseBank API listening on port 3001 (development) 
[2026-09-07T10:29:21.849Z] INFO: HouseBank API listening on port 3001 (development) 
[2026-09-07T10:45:44.914Z] INFO: HouseBank API listening on port 3001 (development) 
[2026-09-07T10:45:49.006Z] INFO: HouseBank API listening on port 3001 (development) 
[2026-09-07T10:47:09.570Z] INFO: HouseBank API listening on port 3001 (development) 
[2026-09-07T10:56:48.435Z] INFO: HouseBank API listening on port 3001 (development) 
[2026-09-07T10:57:17.462Z] INFO: HouseBank API listening on port 3001 (development) 
[2026-09-07T10:58:36.896Z] INFO: HouseBank API listening on port 3001 (development) 
[2026-09-07T11:06:04.972Z] INFO: HouseBank API listening on port 3001 (development) 
[2026-09-07T11:06:39.639Z] INFO: HouseBank API listening on port 3001 (development) 
[2026-09-07T11:07:08.100Z] INFO: HouseBank API listening on port 3001 (development) 
[2026-09-07T11:12:24.376Z] INFO: HouseBank API listening on port 3001 (development) 
[2026-09-07T11:12:45.842Z] INFO: HouseBank API listening on port 3001 (development) 
[2026-09-07T11:13:05.999Z] INFO: HouseBank API listening on port 3001 (development) 
[2026-09-07T11:32:25.783Z] INFO: HouseBank API listening on port 3001 (development) 
[2026-09-07T11:34:18.107Z] INFO: HouseBank API listening on port 3001 (development) 
[2026-09-07T12:19:25.952Z] INFO: HouseBank API listening on port 3001 (development) 
[2026-09-07T12:19:37.537Z] INFO: HouseBank API listening on port 3001 (development) 
[2026-09-07T12:33:10.362Z] INFO: HouseBank API listening on port 3001 (development) 
[2026-09-07T12:33:13.236Z] INFO: HouseBank API listening on port 3001 (development) 
[2026-09-07T12:33:46.841Z] INFO: HouseBank API listening on port 3001 (development) 
[2026-09-07T12:38:22.666Z] INFO: HouseBank API listening on port 3001 (development) 
[2026-09-07T12:38:31.088Z] INFO: HouseBank API listening on port 3001 (development) 
[2026-09-07T12:52:06.129Z] ERROR: Unhandled error {"message":"Unknown column 'two_factor_enabled_at' in 'field list'","stack":"Error: Unknown column 'two_factor_enabled_at' in 'field list'\n    at Object.isEnabled (/Users/highspiritmaye/Desktop/hb-backend/src/models/TwoFactor.js:19:29)\n    at /Users/highspiritmaye/Desktop/hb-backend/src/modules/auth/auth.routes.js:206:46","path":"/auth/signin"}
[2026-09-07T12:52:08.316Z] ERROR: Unhandled error {"message":"Unknown column 'two_factor_enabled_at' in 'field list'","stack":"Error: Unknown column 'two_factor_enabled_at' in 'field list'\n    at Object.isEnabled (/Users/highspiritmaye/Desktop/hb-backend/src/models/TwoFactor.js:19:29)\n    at /Users/highspiritmaye/Desktop/hb-backend/src/modules/auth/auth.routes.js:206:46","path":"/auth/signin"}
[2026-09-07T12:52:29.373Z] INFO: HouseBank API listening on port 3001 (development) 
[2026-09-07T16:14:38.416Z] INFO: HouseBank API listening on port 3001 (development) 
[2026-09-07T16:14:51.879Z] INFO: HouseBank API listening on port 3001 (development) 
[2026-09-07T16:22:10.890Z] INFO: HouseBank API listening on port 3001 (development) 
[2026-09-07T18:29:03.664Z] INFO: Document stored {"path":"/Users/highspiritmaye/Desktop/hb-backend/storage/uploads/documents/agent-ids/61e071028f1f314ea78138b9df9a8fef.jpg"}
[2026-09-07T18:29:08.258Z] ERROR: Failed to send email {"to":"dantechhub@gmail.com","error":"Invalid login: 535 Incorrect authentication data"}
[2026-09-07T18:29:08.258Z] WARNING: OTP email failed to send — code for dantechhub@gmail.com (verify your HouseBank account): 093886 
[2026-09-07T18:30:03.301Z] ERROR: Failed to send email {"to":"dantechhub@gmail.com","error":"Invalid login: 535 Incorrect authentication data"}
[2026-09-07T18:30:03.303Z] WARNING: OTP email failed to send — code for dantechhub@gmail.com (verify your HouseBank account): 082469 
[2026-09-07T21:37:56.486Z] ERROR: Failed to send email {"to":"dantechhub@gmail.com","error":"Invalid login: 535 Incorrect authentication data"}
[2026-09-07T21:37:56.488Z] WARNING: OTP email failed to send — code for dantechhub@gmail.com (verify your HouseBank account): 572583 
[2026-09-07T21:56:40.032Z] INFO: HouseBank API listening on port 3001 (development) 
[2026-09-07T21:58:50.474Z] INFO: HouseBank API listening on port 3001 (development) 
[2026-09-07T22:39:59.838Z] INFO: HouseBank API listening on port 3001 (development) 
[2026-09-07T23:13:38.293Z] INFO: HouseBank API listening on port 3001 (development) 
[2026-09-07T23:13:45.750Z] INFO: HouseBank API listening on port 3001 (development) 
[2026-09-07T23:21:10.877Z] INFO: HouseBank API listening on port 3001 (development) 
[2026-09-07T23:28:44.124Z] INFO: HouseBank API listening on port 3001 (development) 
[2026-09-07T23:41:28.600Z] INFO: HouseBank API listening on port 3001 (development) 
[2026-09-07T23:41:34.822Z] INFO: HouseBank API listening on port 3001 (development) 
[2026-09-07T23:43:22.645Z] INFO: HouseBank API listening on port 3001 (development) 
[2026-09-07T23:44:13.567Z] INFO: HouseBank API listening on port 3001 (development) 
[2026-09-07T23:44:27.629Z] INFO: HouseBank API listening on port 3001 (development) 
[2026-09-08T08:49:14.137Z] ERROR: Unhandled error {"message":"Table 'hb_database.customer_payment_methods' doesn't exist","stack":"Error: Table 'hb_database.customer_payment_methods' doesn't exist\n    at Object.forCustomer (/Users/highspiritmaye/Desktop/hb-backend/src/models/PaymentMethod.js:13:29)\n    at /Users/highspiritmaye/Desktop/hb-backend/src/modules/payment-methods/payment-methods.routes.js:39:39\n    at /Users/highspiritmaye/Desktop/hb-backend/src/modules/payment-methods/payment-methods.routes.js:11:42\n    at Layer.handle [as handle_request] (/Users/highspiritmaye/Desktop/hb-backend/node_modules/express/lib/router/layer.js:95:5)\n    at next (/Users/highspiritmaye/Desktop/hb-backend/node_modules/express/lib/router/route.js:149:13)\n    at /Users/highspiritmaye/Desktop/hb-backend/src/middleware/auth.js:45:5\n    at Layer.handle [as handle_request] (/Users/highspiritmaye/Desktop/hb-backend/node_modules/express/lib/router/layer.js:95:5)\n    at next (/Users/highspiritmaye/Desktop/hb-backend/node_modules/express/lib/router/route.js:149:13)\n    at requireAuth (/Users/highspiritmaye/Desktop/hb-backend/src/middleware/auth.js:31:3)\n    at Layer.handle [as handle_request] (/Users/highspiritmaye/Desktop/hb-backend/node_modules/express/lib/router/layer.js:95:5)","path":"/payment-methods/mine"}
[2026-09-08T08:55:13.002Z] ERROR: Unhandled error {"message":"Table 'hb_database.customer_payment_methods' doesn't exist","stack":"Error: Table 'hb_database.customer_payment_methods' doesn't exist\n    at Object.forCustomer (/Users/highspiritmaye/Desktop/hb-backend/src/models/PaymentMethod.js:13:29)\n    at /Users/highspiritmaye/Desktop/hb-backend/src/modules/payment-methods/payment-methods.routes.js:39:39\n    at /Users/highspiritmaye/Desktop/hb-backend/src/modules/payment-methods/payment-methods.routes.js:11:42\n    at Layer.handle [as handle_request] (/Users/highspiritmaye/Desktop/hb-backend/node_modules/express/lib/router/layer.js:95:5)\n    at next (/Users/highspiritmaye/Desktop/hb-backend/node_modules/express/lib/router/route.js:149:13)\n    at /Users/highspiritmaye/Desktop/hb-backend/src/middleware/auth.js:45:5\n    at Layer.handle [as handle_request] (/Users/highspiritmaye/Desktop/hb-backend/node_modules/express/lib/router/layer.js:95:5)\n    at next (/Users/highspiritmaye/Desktop/hb-backend/node_modules/express/lib/router/route.js:149:13)\n    at requireAuth (/Users/highspiritmaye/Desktop/hb-backend/src/middleware/auth.js:31:3)\n    at Layer.handle [as handle_request] (/Users/highspiritmaye/Desktop/hb-backend/node_modules/express/lib/router/layer.js:95:5)","path":"/payment-methods/mine"}
[2026-09-08T09:09:12.546Z] INFO: Document stored {"path":"/Users/highspiritmaye/Desktop/hb-backend/storage/uploads/documents/cac-certificates/b5a1c912df5c60a117a91b0ef2d57830.jpg"}
[2026-09-08T09:09:17.050Z] ERROR: Failed to send email {"to":"g2dmix@gmail.com","error":"Invalid login: 535 Incorrect authentication data"}
[2026-09-08T09:09:17.051Z] WARNING: OTP email failed to send — code for g2dmix@gmail.com (verify your HouseBank account): 246963 
[2026-09-08T09:09:49.115Z] ERROR: Failed to send email {"to":"g2dmix@gmail.com","error":"Invalid login: 535 Incorrect authentication data"}
[2026-09-08T09:09:49.115Z] WARNING: OTP email failed to send — code for g2dmix@gmail.com (verify your HouseBank account): 251446 
[2026-09-08T09:30:18.404Z] INFO: HouseBank API listening on port 3001 (development) 
[2026-09-08T09:30:43.961Z] INFO: HouseBank API listening on port 3001 (development) 
[2026-09-08T09:32:20.914Z] INFO: HouseBank API listening on port 3001 (development) 
[2026-09-08T09:32:37.396Z] INFO: HouseBank API listening on port 3001 (development) 
[2026-09-08T09:32:56.861Z] INFO: HouseBank API listening on port 3001 (development) 
[2026-09-08T09:33:13.011Z] INFO: HouseBank API listening on port 3001 (development) 
[2026-09-08T09:33:59.852Z] INFO: HouseBank API listening on port 3001 (development) 
[2026-09-08T12:42:29.621Z] INFO: HouseBank API listening on port 3001 (development) 
[2026-09-08T12:42:35.597Z] INFO: HouseBank API listening on port 3001 (development) 
[2026-09-08T13:15:26.314Z] INFO: HouseBank API listening on port 3001 (development) 
[2026-09-08T13:16:37.441Z] INFO: HouseBank API listening on port 3001 (development) 
[2026-09-08T13:17:22.496Z] INFO: HouseBank API listening on port 3001 (development) 
[2026-09-08T13:34:51.405Z] INFO: HouseBank API listening on port 3001 (development) 
[2026-09-08T14:48:41.696Z] ERROR: Failed to send email {"to":"g2dmix@gmail.com","error":"Invalid login: 535 Incorrect authentication data"}
[2026-09-08T14:48:41.698Z] WARNING: OTP email failed to send — code for g2dmix@gmail.com (verify your HouseBank account): 120829 
[2026-09-08T14:51:02.720Z] ERROR: Failed to send email {"to":"g2dmix@gmail.com","error":"Invalid login: 535 Incorrect authentication data"}
[2026-09-08T14:51:02.722Z] WARNING: OTP email failed to send — code for g2dmix@gmail.com (verify your HouseBank account): 577936 
[2026-09-08T15:49:20.191Z] INFO: HouseBank API listening on port 3001 (development) 
[2026-09-08T15:49:31.651Z] INFO: HouseBank API listening on port 3001 (development) 
[2026-09-08T15:49:44.594Z] INFO: HouseBank API listening on port 3001 (development) 
[2026-09-08T15:50:00.709Z] INFO: HouseBank API listening on port 3001 (development) 
[2026-09-08T15:51:38.421Z] INFO: HouseBank API listening on port 3001 (development) 
[2026-09-08T15:51:56.510Z] INFO: HouseBank API listening on port 3001 (development) 
[2026-09-08T15:52:09.749Z] INFO: HouseBank API listening on port 3001 (development) 
[2026-09-08T15:52:33.351Z] INFO: HouseBank API listening on port 3001 (development) 
[2026-09-08T15:55:38.689Z] ERROR: Unhandled error {"message":"Table 'hb_database.company_agent_invites' doesn't exist","stack":"Error: Table 'hb_database.company_agent_invites' doesn't exist\n    at Object.listPendingForCompany (/Users/highspiritmaye/Desktop/hb-backend/src/models/CompanyAgentInvite.js:44:29)\n    at /Users/highspiritmaye/Desktop/hb-backend/src/modules/company-agents/company-agents.routes.js:79:46\n    at process.processTicksAndRejections (node:internal/process/task_queues:104:5)","path":"/company-agents/invites"}
[2026-09-08T15:57:40.597Z] INFO: HouseBank API listening on port 3001 (development) 
[2026-09-08T15:57:44.622Z] INFO: HouseBank API listening on port 3001 (development) 
[2026-09-08T15:57:48.104Z] INFO: HouseBank API listening on port 3001 (development) 
[2026-09-08T15:57:53.197Z] INFO: HouseBank API listening on port 3001 (development) 
[2026-09-08T15:58:00.821Z] INFO: HouseBank API listening on port 3001 (development) 
[2026-09-08T16:05:21.138Z] INFO: HouseBank API listening on port 3001 (development) 
[2026-09-08T16:11:52.032Z] ERROR: Unhandled error {"message":"Table 'hb_database.company_agent_invites' doesn't exist","stack":"Error: Table 'hb_database.company_agent_invites' doesn't exist\n    at Object.listPendingForCompany (/Users/highspiritmaye/Desktop/hb-backend/src/models/CompanyAgentInvite.js:44:29)\n    at /Users/highspiritmaye/Desktop/hb-backend/src/modules/company-agents/company-agents.routes.js:79:46\n    at process.processTicksAndRejections (node:internal/process/task_queues:104:5)","path":"/company-agents/invites"}
[2026-09-08T16:11:54.542Z] ERROR: Unhandled error {"message":"Table 'hb_database.company_agent_invites' doesn't exist","stack":"Error: Table 'hb_database.company_agent_invites' doesn't exist\n    at Object.listPendingForCompany (/Users/highspiritmaye/Desktop/hb-backend/src/models/CompanyAgentInvite.js:44:29)\n    at /Users/highspiritmaye/Desktop/hb-backend/src/modules/company-agents/company-agents.routes.js:79:46\n    at process.processTicksAndRejections (node:internal/process/task_queues:104:5)","path":"/company-agents/invites"}
[2026-09-08T16:12:22.525Z] ERROR: Unhandled error {"message":"Table 'hb_database.company_agent_invites' doesn't exist","stack":"Error: Table 'hb_database.company_agent_invites' doesn't exist\n    at Object.listPendingForCompany (/Users/highspiritmaye/Desktop/hb-backend/src/models/CompanyAgentInvite.js:44:29)\n    at /Users/highspiritmaye/Desktop/hb-backend/src/modules/company-agents/company-agents.routes.js:79:46\n    at process.processTicksAndRejections (node:internal/process/task_queues:104:5)","path":"/company-agents/invites"}
[2026-09-08T16:12:27.402Z] ERROR: Unhandled error {"message":"Table 'hb_database.company_agent_invites' doesn't exist","stack":"Error: Table 'hb_database.company_agent_invites' doesn't exist\n    at Object.listPendingForCompany (/Users/highspiritmaye/Desktop/hb-backend/src/models/CompanyAgentInvite.js:44:29)\n    at /Users/highspiritmaye/Desktop/hb-backend/src/modules/company-agents/company-agents.routes.js:79:46\n    at process.processTicksAndRejections (node:internal/process/task_queues:104:5)","path":"/company-agents/invites"}
[2026-09-08T16:12:37.275Z] ERROR: Unhandled error {"message":"Table 'hb_database.company_agent_invites' doesn't exist","stack":"Error: Table 'hb_database.company_agent_invites' doesn't exist\n    at Object.listPendingForCompany (/Users/highspiritmaye/Desktop/hb-backend/src/models/CompanyAgentInvite.js:44:29)\n    at /Users/highspiritmaye/Desktop/hb-backend/src/modules/company-agents/company-agents.routes.js:79:46\n    at process.processTicksAndRejections (node:internal/process/task_queues:104:5)","path":"/company-agents/invites"}
[2026-09-08T16:12:55.412Z] ERROR: Unhandled error {"message":"Table 'hb_database.company_agent_invites' doesn't exist","stack":"Error: Table 'hb_database.company_agent_invites' doesn't exist\n    at Object.listPendingForCompany (/Users/highspiritmaye/Desktop/hb-backend/src/models/CompanyAgentInvite.js:44:29)\n    at /Users/highspiritmaye/Desktop/hb-backend/src/modules/company-agents/company-agents.routes.js:79:46\n    at process.processTicksAndRejections (node:internal/process/task_queues:104:5)","path":"/company-agents/invites"}
[2026-09-08T16:12:57.465Z] ERROR: Unhandled error {"message":"Table 'hb_database.company_agent_invites' doesn't exist","stack":"Error: Table 'hb_database.company_agent_invites' doesn't exist\n    at Object.listPendingForCompany (/Users/highspiritmaye/Desktop/hb-backend/src/models/CompanyAgentInvite.js:44:29)\n    at /Users/highspiritmaye/Desktop/hb-backend/src/modules/company-agents/company-agents.routes.js:79:46\n    at process.processTicksAndRejections (node:internal/process/task_queues:104:5)","path":"/company-agents/invites"}
[2026-09-08T16:29:22.648Z] ERROR: Unhandled error {"message":"Table 'hb_database.company_agent_invites' doesn't exist","stack":"Error: Table 'hb_database.company_agent_invites' doesn't exist\n    at Object.listPendingForCompany (/Users/highspiritmaye/Desktop/hb-backend/src/models/CompanyAgentInvite.js:44:29)\n    at /Users/highspiritmaye/Desktop/hb-backend/src/modules/company-agents/company-agents.routes.js:79:46\n    at process.processTicksAndRejections (node:internal/process/task_queues:104:5)","path":"/company-agents/invites"}
[2026-09-08T16:29:58.594Z] ERROR: Unhandled error {"message":"Table 'hb_database.company_agent_invites' doesn't exist","stack":"Error: Table 'hb_database.company_agent_invites' doesn't exist\n    at Object.findPendingForCompanyAndEmail (/Users/highspiritmaye/Desktop/hb-backend/src/models/CompanyAgentInvite.js:27:29)\n    at /Users/highspiritmaye/Desktop/hb-backend/src/modules/company-agents/company-agents.routes.js:125:53\n    at process.processTicksAndRejections (node:internal/process/task_queues:104:5)","path":"/company-agents"}
[2026-09-08T16:29:58.601Z] ERROR: Unhandled error {"message":"Table 'hb_database.company_agent_invites' doesn't exist","stack":"Error: Table 'hb_database.company_agent_invites' doesn't exist\n    at Object.listPendingForCompany (/Users/highspiritmaye/Desktop/hb-backend/src/models/CompanyAgentInvite.js:44:29)\n    at /Users/highspiritmaye/Desktop/hb-backend/src/modules/company-agents/company-agents.routes.js:79:46\n    at process.processTicksAndRejections (node:internal/process/task_queues:104:5)","path":"/company-agents/invites"}
[2026-09-08T16:32:48.511Z] INFO: Property submitted for approval {"property_id":1,"user_id":3}
[2026-09-08T16:41:41.350Z] INFO: Agent invite created {"company_id":1,"email":"devenueeventcenter@gmail.com"}
[2026-09-08T16:57:54.068Z] INFO: HouseBank API listening on port 3001 (development) 
[2026-09-08T16:58:04.404Z] INFO: HouseBank API listening on port 3001 (development) 
[2026-09-08T16:58:07.057Z] INFO: HouseBank API listening on port 3001 (development) 
[2026-09-08T16:58:10.296Z] INFO: HouseBank API listening on port 3001 (development) 
[2026-09-08T16:58:20.378Z] INFO: HouseBank API listening on port 3001 (development) 
[2026-09-08T17:07:48.618Z] INFO: HouseBank API listening on port 3001 (development) 
[2026-09-08T17:33:18.132Z] INFO: HouseBank API listening on port 3001 (development) 
[2026-09-08T17:33:25.016Z] INFO: HouseBank API listening on port 3001 (development) 
[2026-09-08T17:49:53.168Z] ERROR: Unhandled error {"message":"Table 'hb_database.newsletter_subscribers' doesn't exist","stack":"Error: Table 'hb_database.newsletter_subscribers' doesn't exist\n    at Object.subscribe (/Users/highspiritmaye/Desktop/hb-backend/src/models/NewsletterSubscriber.js:20:14)\n    at /Users/highspiritmaye/Desktop/hb-backend/src/modules/leads/leads.routes.js:50:32\n    at /Users/highspiritmaye/Desktop/hb-backend/src/modules/leads/leads.routes.js:13:42\n    at Layer.handle [as handle_request] (/Users/highspiritmaye/Desktop/hb-backend/node_modules/express/lib/router/layer.js:95:5)\n    at next (/Users/highspiritmaye/Desktop/hb-backend/node_modules/express/lib/router/route.js:149:13)\n    at /Users/highspiritmaye/Desktop/hb-backend/src/utils/rateLimiter.js:100:7\n    at process.processTicksAndRejections (node:internal/process/task_queues:104:5)","path":"/leads/newsletter"}
[2026-09-08T17:50:15.090Z] ERROR: Unhandled error {"message":"Table 'hb_database.contact_messages' doesn't exist","stack":"Error: Table 'hb_database.contact_messages' doesn't exist\n    at Object.create (/Users/highspiritmaye/Desktop/hb-backend/src/models/ContactMessage.js:14:31)\n    at /Users/highspiritmaye/Desktop/hb-backend/src/modules/leads/leads.routes.js:69:26\n    at /Users/highspiritmaye/Desktop/hb-backend/src/modules/leads/leads.routes.js:13:42\n    at Layer.handle [as handle_request] (/Users/highspiritmaye/Desktop/hb-backend/node_modules/express/lib/router/layer.js:95:5)\n    at next (/Users/highspiritmaye/Desktop/hb-backend/node_modules/express/lib/router/route.js:149:13)\n    at /Users/highspiritmaye/Desktop/hb-backend/src/utils/rateLimiter.js:100:7\n    at process.processTicksAndRejections (node:internal/process/task_queues:104:5)","path":"/leads/contact"}
[2026-09-08T18:05:50.020Z] INFO: HouseBank API listening on port 3001 (development) 
[2026-09-08T18:05:59.991Z] INFO: HouseBank API listening on port 3001 (development) 
[2026-09-08T18:07:02.541Z] INFO: HouseBank API listening on port 3001 (development) 
[2026-09-08T18:07:06.411Z] INFO: HouseBank API listening on port 3001 (development) 
[2026-09-08T18:42:35.151Z] ERROR: Unhandled error {"message":"Table 'hb_database.newsletter_subscribers' doesn't exist","stack":"Error: Table 'hb_database.newsletter_subscribers' doesn't exist\n    at Object.subscribe (/Users/highspiritmaye/Desktop/hb-backend/src/models/NewsletterSubscriber.js:20:14)\n    at /Users/highspiritmaye/Desktop/hb-backend/src/modules/leads/leads.routes.js:50:32\n    at /Users/highspiritmaye/Desktop/hb-backend/src/modules/leads/leads.routes.js:13:42\n    at Layer.handle [as handle_request] (/Users/highspiritmaye/Desktop/hb-backend/node_modules/express/lib/router/layer.js:95:5)\n    at next (/Users/highspiritmaye/Desktop/hb-backend/node_modules/express/lib/router/route.js:149:13)\n    at /Users/highspiritmaye/Desktop/hb-backend/src/utils/rateLimiter.js:100:7\n    at process.processTicksAndRejections (node:internal/process/task_queues:104:5)","path":"/leads/newsletter"}
[2026-09-09T13:11:14.392Z] INFO: HouseBank API listening on port 3001 (development) 
[2026-09-11T08:23:40.041Z] INFO: HouseBank API listening on port 3001 (development) 
[2026-09-11T08:54:45.958Z] INFO: HouseBank API listening on port 3001 (development) 
[2026-09-11T08:55:20.641Z] INFO: HouseBank API listening on port 3001 (development) 
[2026-09-11T08:55:42.252Z] INFO: HouseBank API listening on port 3001 (development) 
[2026-09-11T08:56:09.227Z] INFO: HouseBank API listening on port 3001 (development) 
[2026-09-11T08:56:23.498Z] INFO: HouseBank API listening on port 3001 (development) 
[2026-09-11T09:20:36.378Z] INFO: HouseBank API listening on port 3001 (development) 
[2026-09-11T09:20:52.393Z] INFO: HouseBank API listening on port 3001 (development) 
[2026-09-11T09:21:07.214Z] INFO: HouseBank API listening on port 3001 (development) 
[2026-09-11T11:06:05.355Z] ERROR: Unhandled error {"message":"Bind parameters must not contain undefined. To pass SQL NULL specify JS null","stack":"TypeError: Bind parameters must not contain undefined. To pass SQL NULL specify JS null\n    at Object.issue (/Users/highspiritmaye/Desktop/hb-backend/src/models/RefreshToken.js:20:14)\n    at issueTokens (/Users/highspiritmaye/Desktop/hb-backend/src/modules/auth/auth.routes.js:37:43)\n    at /Users/highspiritmaye/Desktop/hb-backend/src/modules/auth/auth.routes.js:468:49\n    at process.processTicksAndRejections (node:internal/process/task_queues:104:5)","path":"/auth/refresh"}
[2026-09-11T13:24:47.567Z] INFO: Landing-page contact message received {"email":"dantechhub@gmail.com"}
[2026-09-11T13:25:32.569Z] INFO: Neighbourhood concern report received {"company_id":1}
[2026-09-11T13:31:08.962Z] INFO: HouseBank API listening on port 3001 (development) 
[2026-09-11T13:31:16.599Z] INFO: HouseBank API listening on port 3001 (development) 
[2026-09-11T13:31:30.537Z] INFO: HouseBank API listening on port 3001 (development) 
[2026-09-11T13:46:56.150Z] INFO: HouseBank API listening on port 3001 (development) 
[2026-09-11T13:58:29.645Z] INFO: HouseBank API listening on port 3001 (development) 
[2026-09-11T14:08:19.351Z] INFO: HouseBank API listening on port 3001 (development) 
[2026-09-11T14:35:41.134Z] INFO: HouseBank API listening on port 3001 (development) 
[2026-09-11T14:35:49.366Z] INFO: HouseBank API listening on port 3001 (development) 
[2026-09-11T14:35:57.888Z] INFO: HouseBank API listening on port 3001 (development) 
[2026-09-11T14:36:29.646Z] INFO: HouseBank API listening on port 3001 (development) 
[2026-09-11T14:37:27.584Z] INFO: HouseBank API listening on port 3001 (development) 
[2026-09-11T14:37:46.570Z] INFO: HouseBank API listening on port 3001 (development) 
[2026-09-11T14:37:57.137Z] INFO: HouseBank API listening on port 3001 (development) 
[2026-09-11T14:38:07.031Z] INFO: HouseBank API listening on port 3001 (development) 
[2026-09-11T14:41:11.047Z] INFO: HouseBank API listening on port 3001 (development) 
[2026-09-11T14:43:06.940Z] INFO: HouseBank API listening on port 3001 (development) 
[2026-09-11T15:40:37.664Z] INFO: HouseBank API listening on port 3001 (development) 
[2026-09-11T15:41:12.965Z] INFO: HouseBank API listening on port 3001 (development) 
[2026-09-11T15:41:32.246Z] INFO: HouseBank API listening on port 3001 (development) 
[2026-09-11T15:41:59.246Z] INFO: HouseBank API listening on port 3001 (development) 
[2026-09-11T15:42:11.122Z] INFO: HouseBank API listening on port 3001 (development) 
[2026-09-11T15:45:44.575Z] INFO: HouseBank API listening on port 3001 (development) 
[2026-09-11T15:47:26.888Z] INFO: Landing-page contact message received {"email":"dantechhub@gmail.com"}
[2026-09-11T15:48:13.254Z] INFO: Neighbourhood concern report received {"company_id":1}
[2026-09-11T15:48:51.844Z] INFO: HouseBank API listening on port 3001 (development) 
[2026-09-11T15:52:06.797Z] ERROR: Unhandled error {"message":"Unknown column 'p.flagged_at' in 'field list'","stack":"Error: Unknown column 'p.flagged_at' in 'field list'\n    at Object.findAllForAdmin (/Users/highspiritmaye/Desktop/hb-backend/src/models/Property.js:338:29)\n    at process.processTicksAndRejections (node:internal/process/task_queues:104:5)\n    at async /Users/highspiritmaye/Desktop/hb-backend/src/modules/admin/admin.routes.js:115:20","path":"/admin/properties"}
[2026-09-11T15:55:13.592Z] INFO: Landing-page contact message received {"email":"dantechhub@gmail.com"}
[2026-09-11T15:55:52.155Z] INFO: Neighbourhood concern report received {"company_id":1}
[2026-09-11T16:01:17.867Z] ERROR: Unhandled error {"message":"Unknown column 'p.flagged_at' in 'field list'","stack":"Error: Unknown column 'p.flagged_at' in 'field list'\n    at Object.findAllForAdmin (/Users/highspiritmaye/Desktop/hb-backend/src/models/Property.js:338:29)\n    at process.processTicksAndRejections (node:internal/process/task_queues:104:5)\n    at async /Users/highspiritmaye/Desktop/hb-backend/src/modules/admin/admin.routes.js:115:20","path":"/admin/properties"}
[2026-09-11T16:04:00.601Z] ERROR: Unhandled error {"message":"Unknown column 'p.flagged_at' in 'field list'","stack":"Error: Unknown column 'p.flagged_at' in 'field list'\n    at Object.findAllForAdmin (/Users/highspiritmaye/Desktop/hb-backend/src/models/Property.js:338:29)\n    at process.processTicksAndRejections (node:internal/process/task_queues:104:5)\n    at async /Users/highspiritmaye/Desktop/hb-backend/src/modules/admin/admin.routes.js:115:20","path":"/admin/properties"}
[2026-09-11T16:06:55.236Z] ERROR: Unhandled error {"message":"Unknown column 'p.flagged_at' in 'field list'","stack":"Error: Unknown column 'p.flagged_at' in 'field list'\n    at Object.findAllForAdmin (/Users/highspiritmaye/Desktop/hb-backend/src/models/Property.js:338:29)\n    at process.processTicksAndRejections (node:internal/process/task_queues:104:5)\n    at async /Users/highspiritmaye/Desktop/hb-backend/src/modules/admin/admin.routes.js:115:20","path":"/admin/properties"}
[2026-09-11T18:34:08.447Z] INFO: HouseBank API listening on port 3001 (development) 
[2026-09-11T18:34:25.339Z] INFO: HouseBank API listening on port 3001 (development) 
[2026-09-11T18:34:35.332Z] INFO: HouseBank API listening on port 3001 (development) 
[2026-09-11T18:34:50.509Z] INFO: HouseBank API listening on port 3001 (development) 
[2026-09-11T18:35:04.172Z] INFO: HouseBank API listening on port 3001 (development) 
[2026-09-11T18:35:25.144Z] INFO: HouseBank API listening on port 3001 (development) 
[2026-09-11T18:35:29.124Z] INFO: HouseBank API listening on port 3001 (development) 
[2026-09-11T18:36:00.580Z] INFO: HouseBank API listening on port 3001 (development) 
[2026-09-11T18:36:17.194Z] INFO: HouseBank API listening on port 3001 (development) 
[2026-09-11T18:46:13.760Z] INFO: HouseBank API listening on port 3001 (development) 
[2026-09-11T18:47:11.841Z] INFO: HouseBank API listening on port 3001 (development) 
[2026-09-11T18:47:22.648Z] INFO: HouseBank API listening on port 3001 (development) 
[2026-09-11T18:47:26.283Z] INFO: HouseBank API listening on port 3001 (development) 
[2026-09-11T19:02:09.312Z] ERROR: Unhandled error {"message":"Unknown column 'p.flagged_at' in 'field list'","stack":"Error: Unknown column 'p.flagged_at' in 'field list'\n    at Object.findAllForAdmin (/Users/highspiritmaye/Desktop/hb-backend/src/models/Property.js:345:29)\n    at process.processTicksAndRejections (node:internal/process/task_queues:104:5)\n    at async /Users/highspiritmaye/Desktop/hb-backend/src/modules/admin/admin.routes.js:77:20","path":"/admin/properties"}
[2026-09-11T19:18:09.218Z] INFO: HouseBank API listening on port 3001 (development) 
[2026-09-11T19:18:18.539Z] INFO: HouseBank API listening on port 3001 (development) 
[2026-09-11T19:18:34.435Z] INFO: HouseBank API listening on port 3001 (development) 
[2026-09-11T19:18:43.357Z] INFO: HouseBank API listening on port 3001 (development) 
[2026-09-11T19:18:54.205Z] INFO: HouseBank API listening on port 3001 (development) 
[2026-09-11T19:19:14.974Z] INFO: HouseBank API listening on port 3001 (development) 
[2026-09-11T19:19:23.603Z] INFO: HouseBank API listening on port 3001 (development) 
[2026-09-11T19:22:28.551Z] INFO: HouseBank API listening on port 3001 (development) 
[2026-09-11T19:34:01.418Z] ERROR: Unhandled error {"message":"Unknown column 'p.flagged_at' in 'field list'","stack":"Error: Unknown column 'p.flagged_at' in 'field list'\n    at Object.findAllForAdmin (/Users/highspiritmaye/Desktop/hb-backend/src/models/Property.js:345:29)\n    at process.processTicksAndRejections (node:internal/process/task_queues:104:5)\n    at async /Users/highspiritmaye/Desktop/hb-backend/src/modules/admin/admin.routes.js:77:20","path":"/admin/properties"}
[2026-09-11T19:34:06.903Z] ERROR: Unhandled error {"message":"Unknown column 'p.flagged_at' in 'field list'","stack":"Error: Unknown column 'p.flagged_at' in 'field list'\n    at Object.findAllForAdmin (/Users/highspiritmaye/Desktop/hb-backend/src/models/Property.js:345:29)\n    at process.processTicksAndRejections (node:internal/process/task_queues:104:5)\n    at async /Users/highspiritmaye/Desktop/hb-backend/src/modules/admin/admin.routes.js:77:20","path":"/admin/properties"}
[2026-09-11T19:34:14.080Z] ERROR: Unhandled error {"message":"Unknown column 'p.flagged_at' in 'field list'","stack":"Error: Unknown column 'p.flagged_at' in 'field list'\n    at Object.findAllForAdmin (/Users/highspiritmaye/Desktop/hb-backend/src/models/Property.js:345:29)\n    at process.processTicksAndRejections (node:internal/process/task_queues:104:5)\n    at async /Users/highspiritmaye/Desktop/hb-backend/src/modules/admin/admin.routes.js:77:20","path":"/admin/properties"}
[2026-09-11T19:37:07.019Z] ERROR: Unhandled error {"message":"Unknown column 'p.flagged_at' in 'field list'","stack":"Error: Unknown column 'p.flagged_at' in 'field list'\n    at Object.findAllForAdmin (/Users/highspiritmaye/Desktop/hb-backend/src/models/Property.js:345:29)\n    at process.processTicksAndRejections (node:internal/process/task_queues:104:5)\n    at async /Users/highspiritmaye/Desktop/hb-backend/src/modules/admin/admin.routes.js:77:20","path":"/admin/properties"}
[2026-09-11T19:39:08.573Z] ERROR: Unhandled error {"message":"Unknown column 'p.flagged_at' in 'field list'","stack":"Error: Unknown column 'p.flagged_at' in 'field list'\n    at Object.findAllForAdmin (/Users/highspiritmaye/Desktop/hb-backend/src/models/Property.js:345:29)\n    at process.processTicksAndRejections (node:internal/process/task_queues:104:5)\n    at async /Users/highspiritmaye/Desktop/hb-backend/src/modules/admin/admin.routes.js:77:20","path":"/admin/properties"}
[2026-09-11T19:39:10.642Z] ERROR: Unhandled error {"message":"Unknown column 'p.flagged_at' in 'field list'","stack":"Error: Unknown column 'p.flagged_at' in 'field list'\n    at Object.findAllForAdmin (/Users/highspiritmaye/Desktop/hb-backend/src/models/Property.js:345:29)\n    at process.processTicksAndRejections (node:internal/process/task_queues:104:5)\n    at async /Users/highspiritmaye/Desktop/hb-backend/src/modules/admin/admin.routes.js:77:20","path":"/admin/properties"}
[2026-09-11T19:39:14.738Z] ERROR: Unhandled error {"message":"Unknown column 'p.flagged_at' in 'field list'","stack":"Error: Unknown column 'p.flagged_at' in 'field list'\n    at Object.findAllForAdmin (/Users/highspiritmaye/Desktop/hb-backend/src/models/Property.js:345:29)\n    at process.processTicksAndRejections (node:internal/process/task_queues:104:5)\n    at async /Users/highspiritmaye/Desktop/hb-backend/src/modules/admin/admin.routes.js:77:20","path":"/admin/properties"}
[2026-09-11T19:39:15.953Z] ERROR: Unhandled error {"message":"Unknown column 'p.flagged_at' in 'where clause'","stack":"Error: Unknown column 'p.flagged_at' in 'where clause'\n    at Object.findAllForAdmin (/Users/highspiritmaye/Desktop/hb-backend/src/models/Property.js:341:34)\n    at /Users/highspiritmaye/Desktop/hb-backend/src/modules/admin/admin.routes.js:77:35\n    at /Users/highspiritmaye/Desktop/hb-backend/src/modules/admin/admin.routes.js:22:42\n    at Layer.handle [as handle_request] (/Users/highspiritmaye/Desktop/hb-backend/node_modules/express/lib/router/layer.js:95:5)\n    at next (/Users/highspiritmaye/Desktop/hb-backend/node_modules/express/lib/router/route.js:149:13)\n    at Route.dispatch (/Users/highspiritmaye/Desktop/hb-backend/node_modules/express/lib/router/route.js:119:3)\n    at Layer.handle [as handle_request] (/Users/highspiritmaye/Desktop/hb-backend/node_modules/express/lib/router/layer.js:95:5)\n    at /Users/highspiritmaye/Desktop/hb-backend/node_modules/express/lib/router/index.js:284:15\n    at router.process_params (/Users/highspiritmaye/Desktop/hb-backend/node_modules/express/lib/router/index.js:346:12)\n    at next (/Users/highspiritmaye/Desktop/hb-backend/node_modules/express/lib/router/index.js:280:10)","path":"/admin/properties"}
[2026-09-11T19:39:17.804Z] ERROR: Unhandled error {"message":"Unknown column 'p.flagged_at' in 'field list'","stack":"Error: Unknown column 'p.flagged_at' in 'field list'\n    at Object.findAllForAdmin (/Users/highspiritmaye/Desktop/hb-backend/src/models/Property.js:345:29)\n    at process.processTicksAndRejections (node:internal/process/task_queues:104:5)\n    at async /Users/highspiritmaye/Desktop/hb-backend/src/modules/admin/admin.routes.js:77:20","path":"/admin/properties"}
[2026-09-11T19:39:19.453Z] ERROR: Unhandled error {"message":"Unknown column 'p.flagged_at' in 'field list'","stack":"Error: Unknown column 'p.flagged_at' in 'field list'\n    at Object.findAllForAdmin (/Users/highspiritmaye/Desktop/hb-backend/src/models/Property.js:345:29)\n    at process.processTicksAndRejections (node:internal/process/task_queues:104:5)\n    at async /Users/highspiritmaye/Desktop/hb-backend/src/modules/admin/admin.routes.js:77:20","path":"/admin/properties"}
[2026-09-11T19:42:59.927Z] ERROR: Unhandled error {"message":"Unknown column 'p.flagged_at' in 'field list'","stack":"Error: Unknown column 'p.flagged_at' in 'field list'\n    at Object.findAllForAdmin (/Users/highspiritmaye/Desktop/hb-backend/src/models/Property.js:345:29)\n    at process.processTicksAndRejections (node:internal/process/task_queues:104:5)\n    at async /Users/highspiritmaye/Desktop/hb-backend/src/modules/admin/admin.routes.js:77:20","path":"/admin/properties"}
[2026-09-12T00:44:36.429Z] INFO: HouseBank API listening on port 3001 (development) 
[2026-09-12T01:05:18.620Z] INFO: HouseBank API listening on port 3001 (development) 
[2026-09-12T01:06:41.036Z] INFO: HouseBank API listening on port 3001 (development) 
[2026-09-12T01:26:45.631Z] INFO: HouseBank API listening on port 3001 (development) 
[2026-09-12T01:27:04.919Z] INFO: HouseBank API listening on port 3001 (development) 
[2026-09-12T01:40:15.645Z] INFO: HouseBank API listening on port 3001 (development) 
[2026-09-13T23:09:32.675Z] INFO: HouseBank API listening on port 3001 (development) 
[2026-09-13T23:28:44.548Z] ERROR: Unhandled error {"message":"Table 'hb_database.page_content_items' doesn't exist","stack":"Error: Table 'hb_database.page_content_items' doesn't exist\n    at Object.listByPage (/Users/highspiritmaye/Desktop/hb-backend/src/models/PageContent.js:24:29)\n    at /Users/highspiritmaye/Desktop/hb-backend/src/modules/content/content.routes.js:31:37\n    at /Users/highspiritmaye/Desktop/hb-backend/src/modules/content/content.routes.js:12:42\n    at Layer.handle [as handle_request] (/Users/highspiritmaye/Desktop/hb-backend/node_modules/express/lib/router/layer.js:95:5)\n    at next (/Users/highspiritmaye/Desktop/hb-backend/node_modules/express/lib/router/route.js:149:13)\n    at Route.dispatch (/Users/highspiritmaye/Desktop/hb-backend/node_modules/express/lib/router/route.js:119:3)\n    at Layer.handle [as handle_request] (/Users/highspiritmaye/Desktop/hb-backend/node_modules/express/lib/router/layer.js:95:5)\n    at /Users/highspiritmaye/Desktop/hb-backend/node_modules/express/lib/router/index.js:284:15\n    at router.process_params (/Users/highspiritmaye/Desktop/hb-backend/node_modules/express/lib/router/index.js:346:12)\n    at next (/Users/highspiritmaye/Desktop/hb-backend/node_modules/express/lib/router/index.js:280:10)","path":"/content/page-items"}
[2026-09-14T00:13:37.357Z] ERROR: Unhandled error {"message":"Table 'hb_database.page_content_items' doesn't exist","stack":"Error: Table 'hb_database.page_content_items' doesn't exist\n    at Object.listByPage (/Users/highspiritmaye/Desktop/hb-backend/src/models/PageContent.js:24:29)\n    at /Users/highspiritmaye/Desktop/hb-backend/src/modules/content/content.routes.js:31:37\n    at /Users/highspiritmaye/Desktop/hb-backend/src/modules/content/content.routes.js:12:42\n    at Layer.handle [as handle_request] (/Users/highspiritmaye/Desktop/hb-backend/node_modules/express/lib/router/layer.js:95:5)\n    at next (/Users/highspiritmaye/Desktop/hb-backend/node_modules/express/lib/router/route.js:149:13)\n    at Route.dispatch (/Users/highspiritmaye/Desktop/hb-backend/node_modules/express/lib/router/route.js:119:3)\n    at Layer.handle [as handle_request] (/Users/highspiritmaye/Desktop/hb-backend/node_modules/express/lib/router/layer.js:95:5)\n    at /Users/highspiritmaye/Desktop/hb-backend/node_modules/express/lib/router/index.js:284:15\n    at router.process_params (/Users/highspiritmaye/Desktop/hb-backend/node_modules/express/lib/router/index.js:346:12)\n    at next (/Users/highspiritmaye/Desktop/hb-backend/node_modules/express/lib/router/index.js:280:10)","path":"/content/page-items"}
[2026-09-14T00:27:37.151Z] ERROR: Unhandled error {"message":"Table 'hb_database.page_content_items' doesn't exist","stack":"Error: Table 'hb_database.page_content_items' doesn't exist\n    at Object.listByPage (/Users/highspiritmaye/Desktop/hb-backend/src/models/PageContent.js:24:29)\n    at /Users/highspiritmaye/Desktop/hb-backend/src/modules/content/content.routes.js:31:37\n    at /Users/highspiritmaye/Desktop/hb-backend/src/modules/content/content.routes.js:12:42\n    at Layer.handle [as handle_request] (/Users/highspiritmaye/Desktop/hb-backend/node_modules/express/lib/router/layer.js:95:5)\n    at next (/Users/highspiritmaye/Desktop/hb-backend/node_modules/express/lib/router/route.js:149:13)\n    at Route.dispatch (/Users/highspiritmaye/Desktop/hb-backend/node_modules/express/lib/router/route.js:119:3)\n    at Layer.handle [as handle_request] (/Users/highspiritmaye/Desktop/hb-backend/node_modules/express/lib/router/layer.js:95:5)\n    at /Users/highspiritmaye/Desktop/hb-backend/node_modules/express/lib/router/index.js:284:15\n    at router.process_params (/Users/highspiritmaye/Desktop/hb-backend/node_modules/express/lib/router/index.js:346:12)\n    at next (/Users/highspiritmaye/Desktop/hb-backend/node_modules/express/lib/router/index.js:280:10)","path":"/content/page-items"}
[2026-09-14T00:29:14.145Z] ERROR: Unhandled error {"message":"Table 'hb_database.page_content_items' doesn't exist","stack":"Error: Table 'hb_database.page_content_items' doesn't exist\n    at Object.listByPage (/Users/highspiritmaye/Desktop/hb-backend/src/models/PageContent.js:24:29)\n    at /Users/highspiritmaye/Desktop/hb-backend/src/modules/content/content.routes.js:31:37\n    at /Users/highspiritmaye/Desktop/hb-backend/src/modules/content/content.routes.js:12:42\n    at Layer.handle [as handle_request] (/Users/highspiritmaye/Desktop/hb-backend/node_modules/express/lib/router/layer.js:95:5)\n    at next (/Users/highspiritmaye/Desktop/hb-backend/node_modules/express/lib/router/route.js:149:13)\n    at Route.dispatch (/Users/highspiritmaye/Desktop/hb-backend/node_modules/express/lib/router/route.js:119:3)\n    at Layer.handle [as handle_request] (/Users/highspiritmaye/Desktop/hb-backend/node_modules/express/lib/router/layer.js:95:5)\n    at /Users/highspiritmaye/Desktop/hb-backend/node_modules/express/lib/router/index.js:284:15\n    at router.process_params (/Users/highspiritmaye/Desktop/hb-backend/node_modules/express/lib/router/index.js:346:12)\n    at next (/Users/highspiritmaye/Desktop/hb-backend/node_modules/express/lib/router/index.js:280:10)","path":"/content/page-items"}
[2026-09-14T00:30:15.593Z] ERROR: Unhandled error {"message":"Table 'hb_database.page_content_items' doesn't exist","stack":"Error: Table 'hb_database.page_content_items' doesn't exist\n    at Object.listByPage (/Users/highspiritmaye/Desktop/hb-backend/src/models/PageContent.js:24:29)\n    at /Users/highspiritmaye/Desktop/hb-backend/src/modules/content/content.routes.js:31:37\n    at /Users/highspiritmaye/Desktop/hb-backend/src/modules/content/content.routes.js:12:42\n    at Layer.handle [as handle_request] (/Users/highspiritmaye/Desktop/hb-backend/node_modules/express/lib/router/layer.js:95:5)\n    at next (/Users/highspiritmaye/Desktop/hb-backend/node_modules/express/lib/router/route.js:149:13)\n    at Route.dispatch (/Users/highspiritmaye/Desktop/hb-backend/node_modules/express/lib/router/route.js:119:3)\n    at Layer.handle [as handle_request] (/Users/highspiritmaye/Desktop/hb-backend/node_modules/express/lib/router/layer.js:95:5)\n    at /Users/highspiritmaye/Desktop/hb-backend/node_modules/express/lib/router/index.js:284:15\n    at router.process_params (/Users/highspiritmaye/Desktop/hb-backend/node_modules/express/lib/router/index.js:346:12)\n    at next (/Users/highspiritmaye/Desktop/hb-backend/node_modules/express/lib/router/index.js:280:10)","path":"/content/page-items"}
[2026-09-14T01:07:45.781Z] ERROR: Unhandled error {"message":"Table 'hb_database.page_content_items' doesn't exist","stack":"Error: Table 'hb_database.page_content_items' doesn't exist\n    at Object.listByPage (/Users/highspiritmaye/Desktop/hb-backend/src/models/PageContent.js:24:29)\n    at /Users/highspiritmaye/Desktop/hb-backend/src/modules/content/content.routes.js:31:37\n    at /Users/highspiritmaye/Desktop/hb-backend/src/modules/content/content.routes.js:12:42\n    at Layer.handle [as handle_request] (/Users/highspiritmaye/Desktop/hb-backend/node_modules/express/lib/router/layer.js:95:5)\n    at next (/Users/highspiritmaye/Desktop/hb-backend/node_modules/express/lib/router/route.js:149:13)\n    at Route.dispatch (/Users/highspiritmaye/Desktop/hb-backend/node_modules/express/lib/router/route.js:119:3)\n    at Layer.handle [as handle_request] (/Users/highspiritmaye/Desktop/hb-backend/node_modules/express/lib/router/layer.js:95:5)\n    at /Users/highspiritmaye/Desktop/hb-backend/node_modules/express/lib/router/index.js:284:15\n    at router.process_params (/Users/highspiritmaye/Desktop/hb-backend/node_modules/express/lib/router/index.js:346:12)\n    at next (/Users/highspiritmaye/Desktop/hb-backend/node_modules/express/lib/router/index.js:280:10)","path":"/content/page-items"}
[2026-09-14T01:07:59.672Z] ERROR: Unhandled error {"message":"Table 'hb_database.page_content_items' doesn't exist","stack":"Error: Table 'hb_database.page_content_items' doesn't exist\n    at Object.listByPage (/Users/highspiritmaye/Desktop/hb-backend/src/models/PageContent.js:24:29)\n    at /Users/highspiritmaye/Desktop/hb-backend/src/modules/content/content.routes.js:31:37\n    at /Users/highspiritmaye/Desktop/hb-backend/src/modules/content/content.routes.js:12:42\n    at Layer.handle [as handle_request] (/Users/highspiritmaye/Desktop/hb-backend/node_modules/express/lib/router/layer.js:95:5)\n    at next (/Users/highspiritmaye/Desktop/hb-backend/node_modules/express/lib/router/route.js:149:13)\n    at Route.dispatch (/Users/highspiritmaye/Desktop/hb-backend/node_modules/express/lib/router/route.js:119:3)\n    at Layer.handle [as handle_request] (/Users/highspiritmaye/Desktop/hb-backend/node_modules/express/lib/router/layer.js:95:5)\n    at /Users/highspiritmaye/Desktop/hb-backend/node_modules/express/lib/router/index.js:284:15\n    at router.process_params (/Users/highspiritmaye/Desktop/hb-backend/node_modules/express/lib/router/index.js:346:12)\n    at next (/Users/highspiritmaye/Desktop/hb-backend/node_modules/express/lib/router/index.js:280:10)","path":"/content/page-items"}
[2026-09-14T01:09:50.843Z] ERROR: Unhandled error {"message":"Table 'hb_database.page_content_items' doesn't exist","stack":"Error: Table 'hb_database.page_content_items' doesn't exist\n    at Object.listByPage (/Users/highspiritmaye/Desktop/hb-backend/src/models/PageContent.js:24:29)\n    at /Users/highspiritmaye/Desktop/hb-backend/src/modules/content/content.routes.js:31:37\n    at /Users/highspiritmaye/Desktop/hb-backend/src/modules/content/content.routes.js:12:42\n    at Layer.handle [as handle_request] (/Users/highspiritmaye/Desktop/hb-backend/node_modules/express/lib/router/layer.js:95:5)\n    at next (/Users/highspiritmaye/Desktop/hb-backend/node_modules/express/lib/router/route.js:149:13)\n    at Route.dispatch (/Users/highspiritmaye/Desktop/hb-backend/node_modules/express/lib/router/route.js:119:3)\n    at Layer.handle [as handle_request] (/Users/highspiritmaye/Desktop/hb-backend/node_modules/express/lib/router/layer.js:95:5)\n    at /Users/highspiritmaye/Desktop/hb-backend/node_modules/express/lib/router/index.js:284:15\n    at router.process_params (/Users/highspiritmaye/Desktop/hb-backend/node_modules/express/lib/router/index.js:346:12)\n    at next (/Users/highspiritmaye/Desktop/hb-backend/node_modules/express/lib/router/index.js:280:10)","path":"/content/page-items"}
[2026-09-14T01:11:05.459Z] ERROR: Unhandled error {"message":"Table 'hb_database.page_content_items' doesn't exist","stack":"Error: Table 'hb_database.page_content_items' doesn't exist\n    at Object.listByPage (/Users/highspiritmaye/Desktop/hb-backend/src/models/PageContent.js:24:29)\n    at /Users/highspiritmaye/Desktop/hb-backend/src/modules/content/content.routes.js:31:37\n    at /Users/highspiritmaye/Desktop/hb-backend/src/modules/content/content.routes.js:12:42\n    at Layer.handle [as handle_request] (/Users/highspiritmaye/Desktop/hb-backend/node_modules/express/lib/router/layer.js:95:5)\n    at next (/Users/highspiritmaye/Desktop/hb-backend/node_modules/express/lib/router/route.js:149:13)\n    at Route.dispatch (/Users/highspiritmaye/Desktop/hb-backend/node_modules/express/lib/router/route.js:119:3)\n    at Layer.handle [as handle_request] (/Users/highspiritmaye/Desktop/hb-backend/node_modules/express/lib/router/layer.js:95:5)\n    at /Users/highspiritmaye/Desktop/hb-backend/node_modules/express/lib/router/index.js:284:15\n    at router.process_params (/Users/highspiritmaye/Desktop/hb-backend/node_modules/express/lib/router/index.js:346:12)\n    at next (/Users/highspiritmaye/Desktop/hb-backend/node_modules/express/lib/router/index.js:280:10)","path":"/content/page-items"}
[2026-09-14T01:11:09.497Z] ERROR: Unhandled error {"message":"Table 'hb_database.page_content_items' doesn't exist","stack":"Error: Table 'hb_database.page_content_items' doesn't exist\n    at Object.listByPage (/Users/highspiritmaye/Desktop/hb-backend/src/models/PageContent.js:24:29)\n    at /Users/highspiritmaye/Desktop/hb-backend/src/modules/content/content.routes.js:31:37\n    at /Users/highspiritmaye/Desktop/hb-backend/src/modules/content/content.routes.js:12:42\n    at Layer.handle [as handle_request] (/Users/highspiritmaye/Desktop/hb-backend/node_modules/express/lib/router/layer.js:95:5)\n    at next (/Users/highspiritmaye/Desktop/hb-backend/node_modules/express/lib/router/route.js:149:13)\n    at Route.dispatch (/Users/highspiritmaye/Desktop/hb-backend/node_modules/express/lib/router/route.js:119:3)\n    at Layer.handle [as handle_request] (/Users/highspiritmaye/Desktop/hb-backend/node_modules/express/lib/router/layer.js:95:5)\n    at /Users/highspiritmaye/Desktop/hb-backend/node_modules/express/lib/router/index.js:284:15\n    at router.process_params (/Users/highspiritmaye/Desktop/hb-backend/node_modules/express/lib/router/index.js:346:12)\n    at next (/Users/highspiritmaye/Desktop/hb-backend/node_modules/express/lib/router/index.js:280:10)","path":"/content/page-items"}
[2026-09-14T01:13:18.819Z] ERROR: Unhandled error {"message":"Table 'hb_database.page_content_items' doesn't exist","stack":"Error: Table 'hb_database.page_content_items' doesn't exist\n    at Object.listByPage (/Users/highspiritmaye/Desktop/hb-backend/src/models/PageContent.js:24:29)\n    at /Users/highspiritmaye/Desktop/hb-backend/src/modules/content/content.routes.js:31:37\n    at /Users/highspiritmaye/Desktop/hb-backend/src/modules/content/content.routes.js:12:42\n    at Layer.handle [as handle_request] (/Users/highspiritmaye/Desktop/hb-backend/node_modules/express/lib/router/layer.js:95:5)\n    at next (/Users/highspiritmaye/Desktop/hb-backend/node_modules/express/lib/router/route.js:149:13)\n    at Route.dispatch (/Users/highspiritmaye/Desktop/hb-backend/node_modules/express/lib/router/route.js:119:3)\n    at Layer.handle [as handle_request] (/Users/highspiritmaye/Desktop/hb-backend/node_modules/express/lib/router/layer.js:95:5)\n    at /Users/highspiritmaye/Desktop/hb-backend/node_modules/express/lib/router/index.js:284:15\n    at router.process_params (/Users/highspiritmaye/Desktop/hb-backend/node_modules/express/lib/router/index.js:346:12)\n    at next (/Users/highspiritmaye/Desktop/hb-backend/node_modules/express/lib/router/index.js:280:10)","path":"/content/page-items"}
[2026-09-14T01:14:48.800Z] ERROR: Unhandled error {"message":"Table 'hb_database.page_content_items' doesn't exist","stack":"Error: Table 'hb_database.page_content_items' doesn't exist\n    at Object.listByPage (/Users/highspiritmaye/Desktop/hb-backend/src/models/PageContent.js:24:29)\n    at /Users/highspiritmaye/Desktop/hb-backend/src/modules/content/content.routes.js:31:37\n    at /Users/highspiritmaye/Desktop/hb-backend/src/modules/content/content.routes.js:12:42\n    at Layer.handle [as handle_request] (/Users/highspiritmaye/Desktop/hb-backend/node_modules/express/lib/router/layer.js:95:5)\n    at next (/Users/highspiritmaye/Desktop/hb-backend/node_modules/express/lib/router/route.js:149:13)\n    at Route.dispatch (/Users/highspiritmaye/Desktop/hb-backend/node_modules/express/lib/router/route.js:119:3)\n    at Layer.handle [as handle_request] (/Users/highspiritmaye/Desktop/hb-backend/node_modules/express/lib/router/layer.js:95:5)\n    at /Users/highspiritmaye/Desktop/hb-backend/node_modules/express/lib/router/index.js:284:15\n    at router.process_params (/Users/highspiritmaye/Desktop/hb-backend/node_modules/express/lib/router/index.js:346:12)\n    at next (/Users/highspiritmaye/Desktop/hb-backend/node_modules/express/lib/router/index.js:280:10)","path":"/content/page-items"}
[2026-09-14T01:15:42.474Z] ERROR: Unhandled error {"message":"Table 'hb_database.page_content_items' doesn't exist","stack":"Error: Table 'hb_database.page_content_items' doesn't exist\n    at Object.listByPage (/Users/highspiritmaye/Desktop/hb-backend/src/models/PageContent.js:24:29)\n    at /Users/highspiritmaye/Desktop/hb-backend/src/modules/content/content.routes.js:31:37\n    at /Users/highspiritmaye/Desktop/hb-backend/src/modules/content/content.routes.js:12:42\n    at Layer.handle [as handle_request] (/Users/highspiritmaye/Desktop/hb-backend/node_modules/express/lib/router/layer.js:95:5)\n    at next (/Users/highspiritmaye/Desktop/hb-backend/node_modules/express/lib/router/route.js:149:13)\n    at Route.dispatch (/Users/highspiritmaye/Desktop/hb-backend/node_modules/express/lib/router/route.js:119:3)\n    at Layer.handle [as handle_request] (/Users/highspiritmaye/Desktop/hb-backend/node_modules/express/lib/router/layer.js:95:5)\n    at /Users/highspiritmaye/Desktop/hb-backend/node_modules/express/lib/router/index.js:284:15\n    at router.process_params (/Users/highspiritmaye/Desktop/hb-backend/node_modules/express/lib/router/index.js:346:12)\n    at next (/Users/highspiritmaye/Desktop/hb-backend/node_modules/express/lib/router/index.js:280:10)","path":"/content/page-items"}
[2026-09-14T01:17:09.491Z] ERROR: Unhandled error {"message":"Table 'hb_database.page_content_items' doesn't exist","stack":"Error: Table 'hb_database.page_content_items' doesn't exist\n    at Object.listByPage (/Users/highspiritmaye/Desktop/hb-backend/src/models/PageContent.js:24:29)\n    at /Users/highspiritmaye/Desktop/hb-backend/src/modules/content/content.routes.js:31:37\n    at /Users/highspiritmaye/Desktop/hb-backend/src/modules/content/content.routes.js:12:42\n    at Layer.handle [as handle_request] (/Users/highspiritmaye/Desktop/hb-backend/node_modules/express/lib/router/layer.js:95:5)\n    at next (/Users/highspiritmaye/Desktop/hb-backend/node_modules/express/lib/router/route.js:149:13)\n    at Route.dispatch (/Users/highspiritmaye/Desktop/hb-backend/node_modules/express/lib/router/route.js:119:3)\n    at Layer.handle [as handle_request] (/Users/highspiritmaye/Desktop/hb-backend/node_modules/express/lib/router/layer.js:95:5)\n    at /Users/highspiritmaye/Desktop/hb-backend/node_modules/express/lib/router/index.js:284:15\n    at router.process_params (/Users/highspiritmaye/Desktop/hb-backend/node_modules/express/lib/router/index.js:346:12)\n    at next (/Users/highspiritmaye/Desktop/hb-backend/node_modules/express/lib/router/index.js:280:10)","path":"/content/page-items"}
[2026-09-14T01:18:08.541Z] ERROR: Unhandled error {"message":"Table 'hb_database.page_content_items' doesn't exist","stack":"Error: Table 'hb_database.page_content_items' doesn't exist\n    at Object.listByPage (/Users/highspiritmaye/Desktop/hb-backend/src/models/PageContent.js:24:29)\n    at /Users/highspiritmaye/Desktop/hb-backend/src/modules/content/content.routes.js:31:37\n    at /Users/highspiritmaye/Desktop/hb-backend/src/modules/content/content.routes.js:12:42\n    at Layer.handle [as handle_request] (/Users/highspiritmaye/Desktop/hb-backend/node_modules/express/lib/router/layer.js:95:5)\n    at next (/Users/highspiritmaye/Desktop/hb-backend/node_modules/express/lib/router/route.js:149:13)\n    at Route.dispatch (/Users/highspiritmaye/Desktop/hb-backend/node_modules/express/lib/router/route.js:119:3)\n    at Layer.handle [as handle_request] (/Users/highspiritmaye/Desktop/hb-backend/node_modules/express/lib/router/layer.js:95:5)\n    at /Users/highspiritmaye/Desktop/hb-backend/node_modules/express/lib/router/index.js:284:15\n    at router.process_params (/Users/highspiritmaye/Desktop/hb-backend/node_modules/express/lib/router/index.js:346:12)\n    at next (/Users/highspiritmaye/Desktop/hb-backend/node_modules/express/lib/router/index.js:280:10)","path":"/content/page-items"}
[2026-09-14T01:19:15.415Z] ERROR: Unhandled error {"message":"Table 'hb_database.page_content_items' doesn't exist","stack":"Error: Table 'hb_database.page_content_items' doesn't exist\n    at Object.listByPage (/Users/highspiritmaye/Desktop/hb-backend/src/models/PageContent.js:24:29)\n    at /Users/highspiritmaye/Desktop/hb-backend/src/modules/content/content.routes.js:31:37\n    at /Users/highspiritmaye/Desktop/hb-backend/src/modules/content/content.routes.js:12:42\n    at Layer.handle [as handle_request] (/Users/highspiritmaye/Desktop/hb-backend/node_modules/express/lib/router/layer.js:95:5)\n    at next (/Users/highspiritmaye/Desktop/hb-backend/node_modules/express/lib/router/route.js:149:13)\n    at Route.dispatch (/Users/highspiritmaye/Desktop/hb-backend/node_modules/express/lib/router/route.js:119:3)\n    at Layer.handle [as handle_request] (/Users/highspiritmaye/Desktop/hb-backend/node_modules/express/lib/router/layer.js:95:5)\n    at /Users/highspiritmaye/Desktop/hb-backend/node_modules/express/lib/router/index.js:284:15\n    at router.process_params (/Users/highspiritmaye/Desktop/hb-backend/node_modules/express/lib/router/index.js:346:12)\n    at next (/Users/highspiritmaye/Desktop/hb-backend/node_modules/express/lib/router/index.js:280:10)","path":"/content/page-items"}
[2026-09-14T01:19:18.599Z] ERROR: Unhandled error {"message":"Table 'hb_database.page_content_items' doesn't exist","stack":"Error: Table 'hb_database.page_content_items' doesn't exist\n    at Object.listByPage (/Users/highspiritmaye/Desktop/hb-backend/src/models/PageContent.js:24:29)\n    at /Users/highspiritmaye/Desktop/hb-backend/src/modules/content/content.routes.js:31:37\n    at /Users/highspiritmaye/Desktop/hb-backend/src/modules/content/content.routes.js:12:42\n    at Layer.handle [as handle_request] (/Users/highspiritmaye/Desktop/hb-backend/node_modules/express/lib/router/layer.js:95:5)\n    at next (/Users/highspiritmaye/Desktop/hb-backend/node_modules/express/lib/router/route.js:149:13)\n    at Route.dispatch (/Users/highspiritmaye/Desktop/hb-backend/node_modules/express/lib/router/route.js:119:3)\n    at Layer.handle [as handle_request] (/Users/highspiritmaye/Desktop/hb-backend/node_modules/express/lib/router/layer.js:95:5)\n    at /Users/highspiritmaye/Desktop/hb-backend/node_modules/express/lib/router/index.js:284:15\n    at router.process_params (/Users/highspiritmaye/Desktop/hb-backend/node_modules/express/lib/router/index.js:346:12)\n    at next (/Users/highspiritmaye/Desktop/hb-backend/node_modules/express/lib/router/index.js:280:10)","path":"/content/page-items"}
[2026-09-14T01:20:15.450Z] ERROR: Unhandled error {"message":"Table 'hb_database.page_content_items' doesn't exist","stack":"Error: Table 'hb_database.page_content_items' doesn't exist\n    at Object.listByPage (/Users/highspiritmaye/Desktop/hb-backend/src/models/PageContent.js:24:29)\n    at /Users/highspiritmaye/Desktop/hb-backend/src/modules/content/content.routes.js:31:37\n    at /Users/highspiritmaye/Desktop/hb-backend/src/modules/content/content.routes.js:12:42\n    at Layer.handle [as handle_request] (/Users/highspiritmaye/Desktop/hb-backend/node_modules/express/lib/router/layer.js:95:5)\n    at next (/Users/highspiritmaye/Desktop/hb-backend/node_modules/express/lib/router/route.js:149:13)\n    at Route.dispatch (/Users/highspiritmaye/Desktop/hb-backend/node_modules/express/lib/router/route.js:119:3)\n    at Layer.handle [as handle_request] (/Users/highspiritmaye/Desktop/hb-backend/node_modules/express/lib/router/layer.js:95:5)\n    at /Users/highspiritmaye/Desktop/hb-backend/node_modules/express/lib/router/index.js:284:15\n    at router.process_params (/Users/highspiritmaye/Desktop/hb-backend/node_modules/express/lib/router/index.js:346:12)\n    at next (/Users/highspiritmaye/Desktop/hb-backend/node_modules/express/lib/router/index.js:280:10)","path":"/content/page-items"}
[2026-09-14T01:20:19.498Z] ERROR: Unhandled error {"message":"Table 'hb_database.page_content_items' doesn't exist","stack":"Error: Table 'hb_database.page_content_items' doesn't exist\n    at Object.listByPage (/Users/highspiritmaye/Desktop/hb-backend/src/models/PageContent.js:24:29)\n    at /Users/highspiritmaye/Desktop/hb-backend/src/modules/content/content.routes.js:31:37\n    at /Users/highspiritmaye/Desktop/hb-backend/src/modules/content/content.routes.js:12:42\n    at Layer.handle [as handle_request] (/Users/highspiritmaye/Desktop/hb-backend/node_modules/express/lib/router/layer.js:95:5)\n    at next (/Users/highspiritmaye/Desktop/hb-backend/node_modules/express/lib/router/route.js:149:13)\n    at Route.dispatch (/Users/highspiritmaye/Desktop/hb-backend/node_modules/express/lib/router/route.js:119:3)\n    at Layer.handle [as handle_request] (/Users/highspiritmaye/Desktop/hb-backend/node_modules/express/lib/router/layer.js:95:5)\n    at /Users/highspiritmaye/Desktop/hb-backend/node_modules/express/lib/router/index.js:284:15\n    at router.process_params (/Users/highspiritmaye/Desktop/hb-backend/node_modules/express/lib/router/index.js:346:12)\n    at next (/Users/highspiritmaye/Desktop/hb-backend/node_modules/express/lib/router/index.js:280:10)","path":"/content/page-items"}
[2026-09-14T01:21:15.505Z] ERROR: Unhandled error {"message":"Table 'hb_database.page_content_items' doesn't exist","stack":"Error: Table 'hb_database.page_content_items' doesn't exist\n    at Object.listByPage (/Users/highspiritmaye/Desktop/hb-backend/src/models/PageContent.js:24:29)\n    at /Users/highspiritmaye/Desktop/hb-backend/src/modules/content/content.routes.js:31:37\n    at /Users/highspiritmaye/Desktop/hb-backend/src/modules/content/content.routes.js:12:42\n    at Layer.handle [as handle_request] (/Users/highspiritmaye/Desktop/hb-backend/node_modules/express/lib/router/layer.js:95:5)\n    at next (/Users/highspiritmaye/Desktop/hb-backend/node_modules/express/lib/router/route.js:149:13)\n    at Route.dispatch (/Users/highspiritmaye/Desktop/hb-backend/node_modules/express/lib/router/route.js:119:3)\n    at Layer.handle [as handle_request] (/Users/highspiritmaye/Desktop/hb-backend/node_modules/express/lib/router/layer.js:95:5)\n    at /Users/highspiritmaye/Desktop/hb-backend/node_modules/express/lib/router/index.js:284:15\n    at router.process_params (/Users/highspiritmaye/Desktop/hb-backend/node_modules/express/lib/router/index.js:346:12)\n    at next (/Users/highspiritmaye/Desktop/hb-backend/node_modules/express/lib/router/index.js:280:10)","path":"/content/page-items"}
[2026-09-14T01:22:54.493Z] ERROR: Unhandled error {"message":"Table 'hb_database.page_content_items' doesn't exist","stack":"Error: Table 'hb_database.page_content_items' doesn't exist\n    at Object.listByPage (/Users/highspiritmaye/Desktop/hb-backend/src/models/PageContent.js:24:29)\n    at /Users/highspiritmaye/Desktop/hb-backend/src/modules/content/content.routes.js:31:37\n    at /Users/highspiritmaye/Desktop/hb-backend/src/modules/content/content.routes.js:12:42\n    at Layer.handle [as handle_request] (/Users/highspiritmaye/Desktop/hb-backend/node_modules/express/lib/router/layer.js:95:5)\n    at next (/Users/highspiritmaye/Desktop/hb-backend/node_modules/express/lib/router/route.js:149:13)\n    at Route.dispatch (/Users/highspiritmaye/Desktop/hb-backend/node_modules/express/lib/router/route.js:119:3)\n    at Layer.handle [as handle_request] (/Users/highspiritmaye/Desktop/hb-backend/node_modules/express/lib/router/layer.js:95:5)\n    at /Users/highspiritmaye/Desktop/hb-backend/node_modules/express/lib/router/index.js:284:15\n    at router.process_params (/Users/highspiritmaye/Desktop/hb-backend/node_modules/express/lib/router/index.js:346:12)\n    at next (/Users/highspiritmaye/Desktop/hb-backend/node_modules/express/lib/router/index.js:280:10)","path":"/content/page-items"}
[2026-09-14T01:23:49.530Z] ERROR: Unhandled error {"message":"Table 'hb_database.page_content_items' doesn't exist","stack":"Error: Table 'hb_database.page_content_items' doesn't exist\n    at Object.listByPage (/Users/highspiritmaye/Desktop/hb-backend/src/models/PageContent.js:24:29)\n    at /Users/highspiritmaye/Desktop/hb-backend/src/modules/content/content.routes.js:31:37\n    at /Users/highspiritmaye/Desktop/hb-backend/src/modules/content/content.routes.js:12:42\n    at Layer.handle [as handle_request] (/Users/highspiritmaye/Desktop/hb-backend/node_modules/express/lib/router/layer.js:95:5)\n    at next (/Users/highspiritmaye/Desktop/hb-backend/node_modules/express/lib/router/route.js:149:13)\n    at Route.dispatch (/Users/highspiritmaye/Desktop/hb-backend/node_modules/express/lib/router/route.js:119:3)\n    at Layer.handle [as handle_request] (/Users/highspiritmaye/Desktop/hb-backend/node_modules/express/lib/router/layer.js:95:5)\n    at /Users/highspiritmaye/Desktop/hb-backend/node_modules/express/lib/router/index.js:284:15\n    at router.process_params (/Users/highspiritmaye/Desktop/hb-backend/node_modules/express/lib/router/index.js:346:12)\n    at next (/Users/highspiritmaye/Desktop/hb-backend/node_modules/express/lib/router/index.js:280:10)","path":"/content/page-items"}
[2026-09-14T01:23:53.495Z] ERROR: Unhandled error {"message":"Table 'hb_database.page_content_items' doesn't exist","stack":"Error: Table 'hb_database.page_content_items' doesn't exist\n    at Object.listByPage (/Users/highspiritmaye/Desktop/hb-backend/src/models/PageContent.js:24:29)\n    at /Users/highspiritmaye/Desktop/hb-backend/src/modules/content/content.routes.js:31:37\n    at /Users/highspiritmaye/Desktop/hb-backend/src/modules/content/content.routes.js:12:42\n    at Layer.handle [as handle_request] (/Users/highspiritmaye/Desktop/hb-backend/node_modules/express/lib/router/layer.js:95:5)\n    at next (/Users/highspiritmaye/Desktop/hb-backend/node_modules/express/lib/router/route.js:149:13)\n    at Route.dispatch (/Users/highspiritmaye/Desktop/hb-backend/node_modules/express/lib/router/route.js:119:3)\n    at Layer.handle [as handle_request] (/Users/highspiritmaye/Desktop/hb-backend/node_modules/express/lib/router/layer.js:95:5)\n    at /Users/highspiritmaye/Desktop/hb-backend/node_modules/express/lib/router/index.js:284:15\n    at router.process_params (/Users/highspiritmaye/Desktop/hb-backend/node_modules/express/lib/router/index.js:346:12)\n    at next (/Users/highspiritmaye/Desktop/hb-backend/node_modules/express/lib/router/index.js:280:10)","path":"/content/page-items"}
[2026-09-17T13:52:05.675Z] INFO: HouseBank API listening on port 3001 (development) 
[2026-09-17T13:55:56.093Z] ERROR: Unhandled error {"message":"Table 'hb_database.page_content_items' doesn't exist","stack":"Error: Table 'hb_database.page_content_items' doesn't exist\n    at Object.listByPageForAdmin (/Users/highspiritmaye/Desktop/hb-backend/src/models/PageContent.js:34:29)\n    at /Users/highspiritmaye/Desktop/hb-backend/src/modules/content/content.routes.js:311:37\n    at /Users/highspiritmaye/Desktop/hb-backend/src/modules/content/content.routes.js:12:42\n    at Layer.handle [as handle_request] (/Users/highspiritmaye/Desktop/hb-backend/node_modules/express/lib/router/layer.js:95:5)\n    at next (/Users/highspiritmaye/Desktop/hb-backend/node_modules/express/lib/router/route.js:149:13)\n    at /Users/highspiritmaye/Desktop/hb-backend/src/middleware/auth.js:45:5\n    at Layer.handle [as handle_request] (/Users/highspiritmaye/Desktop/hb-backend/node_modules/express/lib/router/layer.js:95:5)\n    at next (/Users/highspiritmaye/Desktop/hb-backend/node_modules/express/lib/router/route.js:149:13)\n    at requireAuth (/Users/highspiritmaye/Desktop/hb-backend/src/middleware/auth.js:31:3)\n    at Layer.handle [as handle_request] (/Users/highspiritmaye/Desktop/hb-backend/node_modules/express/lib/router/layer.js:95:5)","path":"/content/page-items/admin"}
[2026-09-17T13:56:01.019Z] ERROR: Unhandled error {"message":"Table 'hb_database.page_content_items' doesn't exist","stack":"Error: Table 'hb_database.page_content_items' doesn't exist\n    at Object.listByPageForAdmin (/Users/highspiritmaye/Desktop/hb-backend/src/models/PageContent.js:34:29)\n    at /Users/highspiritmaye/Desktop/hb-backend/src/modules/content/content.routes.js:311:37\n    at /Users/highspiritmaye/Desktop/hb-backend/src/modules/content/content.routes.js:12:42\n    at Layer.handle [as handle_request] (/Users/highspiritmaye/Desktop/hb-backend/node_modules/express/lib/router/layer.js:95:5)\n    at next (/Users/highspiritmaye/Desktop/hb-backend/node_modules/express/lib/router/route.js:149:13)\n    at /Users/highspiritmaye/Desktop/hb-backend/src/middleware/auth.js:45:5\n    at Layer.handle [as handle_request] (/Users/highspiritmaye/Desktop/hb-backend/node_modules/express/lib/router/layer.js:95:5)\n    at next (/Users/highspiritmaye/Desktop/hb-backend/node_modules/express/lib/router/route.js:149:13)\n    at requireAuth (/Users/highspiritmaye/Desktop/hb-backend/src/middleware/auth.js:31:3)\n    at Layer.handle [as handle_request] (/Users/highspiritmaye/Desktop/hb-backend/node_modules/express/lib/router/layer.js:95:5)","path":"/content/page-items/admin"}
[2026-09-17T13:56:01.803Z] ERROR: Unhandled error {"message":"Table 'hb_database.page_content_items' doesn't exist","stack":"Error: Table 'hb_database.page_content_items' doesn't exist\n    at Object.listByPageForAdmin (/Users/highspiritmaye/Desktop/hb-backend/src/models/PageContent.js:34:29)\n    at /Users/highspiritmaye/Desktop/hb-backend/src/modules/content/content.routes.js:311:37\n    at /Users/highspiritmaye/Desktop/hb-backend/src/modules/content/content.routes.js:12:42\n    at Layer.handle [as handle_request] (/Users/highspiritmaye/Desktop/hb-backend/node_modules/express/lib/router/layer.js:95:5)\n    at next (/Users/highspiritmaye/Desktop/hb-backend/node_modules/express/lib/router/route.js:149:13)\n    at /Users/highspiritmaye/Desktop/hb-backend/src/middleware/auth.js:45:5\n    at Layer.handle [as handle_request] (/Users/highspiritmaye/Desktop/hb-backend/node_modules/express/lib/router/layer.js:95:5)\n    at next (/Users/highspiritmaye/Desktop/hb-backend/node_modules/express/lib/router/route.js:149:13)\n    at requireAuth (/Users/highspiritmaye/Desktop/hb-backend/src/middleware/auth.js:31:3)\n    at Layer.handle [as handle_request] (/Users/highspiritmaye/Desktop/hb-backend/node_modules/express/lib/router/layer.js:95:5)","path":"/content/page-items/admin"}
[2026-09-17T13:56:02.651Z] ERROR: Unhandled error {"message":"Table 'hb_database.page_content_items' doesn't exist","stack":"Error: Table 'hb_database.page_content_items' doesn't exist\n    at Object.listByPageForAdmin (/Users/highspiritmaye/Desktop/hb-backend/src/models/PageContent.js:34:29)\n    at /Users/highspiritmaye/Desktop/hb-backend/src/modules/content/content.routes.js:311:37\n    at /Users/highspiritmaye/Desktop/hb-backend/src/modules/content/content.routes.js:12:42\n    at Layer.handle [as handle_request] (/Users/highspiritmaye/Desktop/hb-backend/node_modules/express/lib/router/layer.js:95:5)\n    at next (/Users/highspiritmaye/Desktop/hb-backend/node_modules/express/lib/router/route.js:149:13)\n    at /Users/highspiritmaye/Desktop/hb-backend/src/middleware/auth.js:45:5\n    at Layer.handle [as handle_request] (/Users/highspiritmaye/Desktop/hb-backend/node_modules/express/lib/router/layer.js:95:5)\n    at next (/Users/highspiritmaye/Desktop/hb-backend/node_modules/express/lib/router/route.js:149:13)\n    at requireAuth (/Users/highspiritmaye/Desktop/hb-backend/src/middleware/auth.js:31:3)\n    at Layer.handle [as handle_request] (/Users/highspiritmaye/Desktop/hb-backend/node_modules/express/lib/router/layer.js:95:5)","path":"/content/page-items/admin"}
[2026-09-17T13:56:03.603Z] ERROR: Unhandled error {"message":"Table 'hb_database.page_content_items' doesn't exist","stack":"Error: Table 'hb_database.page_content_items' doesn't exist\n    at Object.listByPageForAdmin (/Users/highspiritmaye/Desktop/hb-backend/src/models/PageContent.js:34:29)\n    at /Users/highspiritmaye/Desktop/hb-backend/src/modules/content/content.routes.js:311:37\n    at /Users/highspiritmaye/Desktop/hb-backend/src/modules/content/content.routes.js:12:42\n    at Layer.handle [as handle_request] (/Users/highspiritmaye/Desktop/hb-backend/node_modules/express/lib/router/layer.js:95:5)\n    at next (/Users/highspiritmaye/Desktop/hb-backend/node_modules/express/lib/router/route.js:149:13)\n    at /Users/highspiritmaye/Desktop/hb-backend/src/middleware/auth.js:45:5\n    at Layer.handle [as handle_request] (/Users/highspiritmaye/Desktop/hb-backend/node_modules/express/lib/router/layer.js:95:5)\n    at next (/Users/highspiritmaye/Desktop/hb-backend/node_modules/express/lib/router/route.js:149:13)\n    at requireAuth (/Users/highspiritmaye/Desktop/hb-backend/src/middleware/auth.js:31:3)\n    at Layer.handle [as handle_request] (/Users/highspiritmaye/Desktop/hb-backend/node_modules/express/lib/router/layer.js:95:5)","path":"/content/page-items/admin"}
[2026-09-17T13:56:04.385Z] ERROR: Unhandled error {"message":"Table 'hb_database.page_content_items' doesn't exist","stack":"Error: Table 'hb_database.page_content_items' doesn't exist\n    at Object.listByPageForAdmin (/Users/highspiritmaye/Desktop/hb-backend/src/models/PageContent.js:34:29)\n    at /Users/highspiritmaye/Desktop/hb-backend/src/modules/content/content.routes.js:311:37\n    at /Users/highspiritmaye/Desktop/hb-backend/src/modules/content/content.routes.js:12:42\n    at Layer.handle [as handle_request] (/Users/highspiritmaye/Desktop/hb-backend/node_modules/express/lib/router/layer.js:95:5)\n    at next (/Users/highspiritmaye/Desktop/hb-backend/node_modules/express/lib/router/route.js:149:13)\n    at /Users/highspiritmaye/Desktop/hb-backend/src/middleware/auth.js:45:5\n    at Layer.handle [as handle_request] (/Users/highspiritmaye/Desktop/hb-backend/node_modules/express/lib/router/layer.js:95:5)\n    at next (/Users/highspiritmaye/Desktop/hb-backend/node_modules/express/lib/router/route.js:149:13)\n    at requireAuth (/Users/highspiritmaye/Desktop/hb-backend/src/middleware/auth.js:31:3)\n    at Layer.handle [as handle_request] (/Users/highspiritmaye/Desktop/hb-backend/node_modules/express/lib/router/layer.js:95:5)","path":"/content/page-items/admin"}
[2026-09-17T13:56:06.300Z] ERROR: Unhandled error {"message":"Table 'hb_database.page_content_items' doesn't exist","stack":"Error: Table 'hb_database.page_content_items' doesn't exist\n    at Object.listByPageForAdmin (/Users/highspiritmaye/Desktop/hb-backend/src/models/PageContent.js:34:29)\n    at /Users/highspiritmaye/Desktop/hb-backend/src/modules/content/content.routes.js:311:37\n    at /Users/highspiritmaye/Desktop/hb-backend/src/modules/content/content.routes.js:12:42\n    at Layer.handle [as handle_request] (/Users/highspiritmaye/Desktop/hb-backend/node_modules/express/lib/router/layer.js:95:5)\n    at next (/Users/highspiritmaye/Desktop/hb-backend/node_modules/express/lib/router/route.js:149:13)\n    at /Users/highspiritmaye/Desktop/hb-backend/src/middleware/auth.js:45:5\n    at Layer.handle [as handle_request] (/Users/highspiritmaye/Desktop/hb-backend/node_modules/express/lib/router/layer.js:95:5)\n    at next (/Users/highspiritmaye/Desktop/hb-backend/node_modules/express/lib/router/route.js:149:13)\n    at requireAuth (/Users/highspiritmaye/Desktop/hb-backend/src/middleware/auth.js:31:3)\n    at Layer.handle [as handle_request] (/Users/highspiritmaye/Desktop/hb-backend/node_modules/express/lib/router/layer.js:95:5)","path":"/content/page-items/admin"}
[2026-09-17T14:04:10.279Z] ERROR: Unhandled error {"message":"Table 'hb_database.page_content_items' doesn't exist","stack":"Error: Table 'hb_database.page_content_items' doesn't exist\n    at Object.listByPage (/Users/highspiritmaye/Desktop/hb-backend/src/models/PageContent.js:24:29)\n    at /Users/highspiritmaye/Desktop/hb-backend/src/modules/content/content.routes.js:31:37\n    at /Users/highspiritmaye/Desktop/hb-backend/src/modules/content/content.routes.js:12:42\n    at Layer.handle [as handle_request] (/Users/highspiritmaye/Desktop/hb-backend/node_modules/express/lib/router/layer.js:95:5)\n    at next (/Users/highspiritmaye/Desktop/hb-backend/node_modules/express/lib/router/route.js:149:13)\n    at Route.dispatch (/Users/highspiritmaye/Desktop/hb-backend/node_modules/express/lib/router/route.js:119:3)\n    at Layer.handle [as handle_request] (/Users/highspiritmaye/Desktop/hb-backend/node_modules/express/lib/router/layer.js:95:5)\n    at /Users/highspiritmaye/Desktop/hb-backend/node_modules/express/lib/router/index.js:284:15\n    at router.process_params (/Users/highspiritmaye/Desktop/hb-backend/node_modules/express/lib/router/index.js:346:12)\n    at next (/Users/highspiritmaye/Desktop/hb-backend/node_modules/express/lib/router/index.js:280:10)","path":"/content/page-items"}
[2026-09-17T14:04:17.782Z] ERROR: Unhandled error {"message":"Table 'hb_database.page_content_items' doesn't exist","stack":"Error: Table 'hb_database.page_content_items' doesn't exist\n    at Object.listByPage (/Users/highspiritmaye/Desktop/hb-backend/src/models/PageContent.js:24:29)\n    at /Users/highspiritmaye/Desktop/hb-backend/src/modules/content/content.routes.js:31:37\n    at /Users/highspiritmaye/Desktop/hb-backend/src/modules/content/content.routes.js:12:42\n    at Layer.handle [as handle_request] (/Users/highspiritmaye/Desktop/hb-backend/node_modules/express/lib/router/layer.js:95:5)\n    at next (/Users/highspiritmaye/Desktop/hb-backend/node_modules/express/lib/router/route.js:149:13)\n    at Route.dispatch (/Users/highspiritmaye/Desktop/hb-backend/node_modules/express/lib/router/route.js:119:3)\n    at Layer.handle [as handle_request] (/Users/highspiritmaye/Desktop/hb-backend/node_modules/express/lib/router/layer.js:95:5)\n    at /Users/highspiritmaye/Desktop/hb-backend/node_modules/express/lib/router/index.js:284:15\n    at router.process_params (/Users/highspiritmaye/Desktop/hb-backend/node_modules/express/lib/router/index.js:346:12)\n    at next (/Users/highspiritmaye/Desktop/hb-backend/node_modules/express/lib/router/index.js:280:10)","path":"/content/page-items"}
[2026-09-17T14:04:34.008Z] ERROR: Unhandled error {"message":"Table 'hb_database.page_content_items' doesn't exist","stack":"Error: Table 'hb_database.page_content_items' doesn't exist\n    at Object.listByPage (/Users/highspiritmaye/Desktop/hb-backend/src/models/PageContent.js:24:29)\n    at /Users/highspiritmaye/Desktop/hb-backend/src/modules/content/content.routes.js:31:37\n    at /Users/highspiritmaye/Desktop/hb-backend/src/modules/content/content.routes.js:12:42\n    at Layer.handle [as handle_request] (/Users/highspiritmaye/Desktop/hb-backend/node_modules/express/lib/router/layer.js:95:5)\n    at next (/Users/highspiritmaye/Desktop/hb-backend/node_modules/express/lib/router/route.js:149:13)\n    at Route.dispatch (/Users/highspiritmaye/Desktop/hb-backend/node_modules/express/lib/router/route.js:119:3)\n    at Layer.handle [as handle_request] (/Users/highspiritmaye/Desktop/hb-backend/node_modules/express/lib/router/layer.js:95:5)\n    at /Users/highspiritmaye/Desktop/hb-backend/node_modules/express/lib/router/index.js:284:15\n    at router.process_params (/Users/highspiritmaye/Desktop/hb-backend/node_modules/express/lib/router/index.js:346:12)\n    at next (/Users/highspiritmaye/Desktop/hb-backend/node_modules/express/lib/router/index.js:280:10)","path":"/content/page-items"}
[2026-09-17T14:04:54.928Z] ERROR: Unhandled error {"message":"Table 'hb_database.page_content_items' doesn't exist","stack":"Error: Table 'hb_database.page_content_items' doesn't exist\n    at Object.listByPage (/Users/highspiritmaye/Desktop/hb-backend/src/models/PageContent.js:24:29)\n    at /Users/highspiritmaye/Desktop/hb-backend/src/modules/content/content.routes.js:31:37\n    at /Users/highspiritmaye/Desktop/hb-backend/src/modules/content/content.routes.js:12:42\n    at Layer.handle [as handle_request] (/Users/highspiritmaye/Desktop/hb-backend/node_modules/express/lib/router/layer.js:95:5)\n    at next (/Users/highspiritmaye/Desktop/hb-backend/node_modules/express/lib/router/route.js:149:13)\n    at Route.dispatch (/Users/highspiritmaye/Desktop/hb-backend/node_modules/express/lib/router/route.js:119:3)\n    at Layer.handle [as handle_request] (/Users/highspiritmaye/Desktop/hb-backend/node_modules/express/lib/router/layer.js:95:5)\n    at /Users/highspiritmaye/Desktop/hb-backend/node_modules/express/lib/router/index.js:284:15\n    at router.process_params (/Users/highspiritmaye/Desktop/hb-backend/node_modules/express/lib/router/index.js:346:12)\n    at next (/Users/highspiritmaye/Desktop/hb-backend/node_modules/express/lib/router/index.js:280:10)","path":"/content/page-items"}
[2026-09-17T14:05:27.017Z] ERROR: Unhandled error {"message":"Table 'hb_database.page_content_items' doesn't exist","stack":"Error: Table 'hb_database.page_content_items' doesn't exist\n    at Object.listByPage (/Users/highspiritmaye/Desktop/hb-backend/src/models/PageContent.js:24:29)\n    at /Users/highspiritmaye/Desktop/hb-backend/src/modules/content/content.routes.js:31:37\n    at /Users/highspiritmaye/Desktop/hb-backend/src/modules/content/content.routes.js:12:42\n    at Layer.handle [as handle_request] (/Users/highspiritmaye/Desktop/hb-backend/node_modules/express/lib/router/layer.js:95:5)\n    at next (/Users/highspiritmaye/Desktop/hb-backend/node_modules/express/lib/router/route.js:149:13)\n    at Route.dispatch (/Users/highspiritmaye/Desktop/hb-backend/node_modules/express/lib/router/route.js:119:3)\n    at Layer.handle [as handle_request] (/Users/highspiritmaye/Desktop/hb-backend/node_modules/express/lib/router/layer.js:95:5)\n    at /Users/highspiritmaye/Desktop/hb-backend/node_modules/express/lib/router/index.js:284:15\n    at router.process_params (/Users/highspiritmaye/Desktop/hb-backend/node_modules/express/lib/router/index.js:346:12)\n    at next (/Users/highspiritmaye/Desktop/hb-backend/node_modules/express/lib/router/index.js:280:10)","path":"/content/page-items"}
[2026-09-17T14:05:44.325Z] ERROR: Unhandled error {"message":"Table 'hb_database.page_content_items' doesn't exist","stack":"Error: Table 'hb_database.page_content_items' doesn't exist\n    at Object.listByPage (/Users/highspiritmaye/Desktop/hb-backend/src/models/PageContent.js:24:29)\n    at /Users/highspiritmaye/Desktop/hb-backend/src/modules/content/content.routes.js:31:37\n    at /Users/highspiritmaye/Desktop/hb-backend/src/modules/content/content.routes.js:12:42\n    at Layer.handle [as handle_request] (/Users/highspiritmaye/Desktop/hb-backend/node_modules/express/lib/router/layer.js:95:5)\n    at next (/Users/highspiritmaye/Desktop/hb-backend/node_modules/express/lib/router/route.js:149:13)\n    at Route.dispatch (/Users/highspiritmaye/Desktop/hb-backend/node_modules/express/lib/router/route.js:119:3)\n    at Layer.handle [as handle_request] (/Users/highspiritmaye/Desktop/hb-backend/node_modules/express/lib/router/layer.js:95:5)\n    at /Users/highspiritmaye/Desktop/hb-backend/node_modules/express/lib/router/index.js:284:15\n    at router.process_params (/Users/highspiritmaye/Desktop/hb-backend/node_modules/express/lib/router/index.js:346:12)\n    at next (/Users/highspiritmaye/Desktop/hb-backend/node_modules/express/lib/router/index.js:280:10)","path":"/content/page-items"}
[2026-09-17T14:13:47.801Z] INFO: HouseBank API listening on port 3001 (development) 
[2026-09-17T14:14:03.562Z] INFO: HouseBank API listening on port 3001 (development) 
[2026-09-17T14:49:18.438Z] ERROR: Unhandled error {"message":"Table 'hb_database.page_content_items' doesn't exist","stack":"Error: Table 'hb_database.page_content_items' doesn't exist\n    at Object.listByPage (/Users/highspiritmaye/Desktop/hb-backend/src/models/PageContent.js:24:29)\n    at /Users/highspiritmaye/Desktop/hb-backend/src/modules/content/content.routes.js:31:37\n    at /Users/highspiritmaye/Desktop/hb-backend/src/modules/content/content.routes.js:12:42\n    at Layer.handle [as handle_request] (/Users/highspiritmaye/Desktop/hb-backend/node_modules/express/lib/router/layer.js:95:5)\n    at next (/Users/highspiritmaye/Desktop/hb-backend/node_modules/express/lib/router/route.js:149:13)\n    at Route.dispatch (/Users/highspiritmaye/Desktop/hb-backend/node_modules/express/lib/router/route.js:119:3)\n    at Layer.handle [as handle_request] (/Users/highspiritmaye/Desktop/hb-backend/node_modules/express/lib/router/layer.js:95:5)\n    at /Users/highspiritmaye/Desktop/hb-backend/node_modules/express/lib/router/index.js:284:15\n    at router.process_params (/Users/highspiritmaye/Desktop/hb-backend/node_modules/express/lib/router/index.js:346:12)\n    at next (/Users/highspiritmaye/Desktop/hb-backend/node_modules/express/lib/router/index.js:280:10)","path":"/content/page-items"}
[2026-09-17T14:49:38.387Z] ERROR: Unhandled error {"message":"Table 'hb_database.page_content_items' doesn't exist","stack":"Error: Table 'hb_database.page_content_items' doesn't exist\n    at Object.listByPage (/Users/highspiritmaye/Desktop/hb-backend/src/models/PageContent.js:24:29)\n    at /Users/highspiritmaye/Desktop/hb-backend/src/modules/content/content.routes.js:31:37\n    at /Users/highspiritmaye/Desktop/hb-backend/src/modules/content/content.routes.js:12:42\n    at Layer.handle [as handle_request] (/Users/highspiritmaye/Desktop/hb-backend/node_modules/express/lib/router/layer.js:95:5)\n    at next (/Users/highspiritmaye/Desktop/hb-backend/node_modules/express/lib/router/route.js:149:13)\n    at Route.dispatch (/Users/highspiritmaye/Desktop/hb-backend/node_modules/express/lib/router/route.js:119:3)\n    at Layer.handle [as handle_request] (/Users/highspiritmaye/Desktop/hb-backend/node_modules/express/lib/router/layer.js:95:5)\n    at /Users/highspiritmaye/Desktop/hb-backend/node_modules/express/lib/router/index.js:284:15\n    at router.process_params (/Users/highspiritmaye/Desktop/hb-backend/node_modules/express/lib/router/index.js:346:12)\n    at next (/Users/highspiritmaye/Desktop/hb-backend/node_modules/express/lib/router/index.js:280:10)","path":"/content/page-items"}
[2026-09-17T14:49:48.096Z] ERROR: Unhandled error {"message":"Table 'hb_database.page_content_items' doesn't exist","stack":"Error: Table 'hb_database.page_content_items' doesn't exist\n    at Object.listByPage (/Users/highspiritmaye/Desktop/hb-backend/src/models/PageContent.js:24:29)\n    at /Users/highspiritmaye/Desktop/hb-backend/src/modules/content/content.routes.js:31:37\n    at /Users/highspiritmaye/Desktop/hb-backend/src/modules/content/content.routes.js:12:42\n    at Layer.handle [as handle_request] (/Users/highspiritmaye/Desktop/hb-backend/node_modules/express/lib/router/layer.js:95:5)\n    at next (/Users/highspiritmaye/Desktop/hb-backend/node_modules/express/lib/router/route.js:149:13)\n    at Route.dispatch (/Users/highspiritmaye/Desktop/hb-backend/node_modules/express/lib/router/route.js:119:3)\n    at Layer.handle [as handle_request] (/Users/highspiritmaye/Desktop/hb-backend/node_modules/express/lib/router/layer.js:95:5)\n    at /Users/highspiritmaye/Desktop/hb-backend/node_modules/express/lib/router/index.js:284:15\n    at router.process_params (/Users/highspiritmaye/Desktop/hb-backend/node_modules/express/lib/router/index.js:346:12)\n    at next (/Users/highspiritmaye/Desktop/hb-backend/node_modules/express/lib/router/index.js:280:10)","path":"/content/page-items"}
[2026-09-17T14:50:16.329Z] ERROR: Unhandled error {"message":"Table 'hb_database.page_content_items' doesn't exist","stack":"Error: Table 'hb_database.page_content_items' doesn't exist\n    at Object.listByPage (/Users/highspiritmaye/Desktop/hb-backend/src/models/PageContent.js:24:29)\n    at /Users/highspiritmaye/Desktop/hb-backend/src/modules/content/content.routes.js:31:37\n    at /Users/highspiritmaye/Desktop/hb-backend/src/modules/content/content.routes.js:12:42\n    at Layer.handle [as handle_request] (/Users/highspiritmaye/Desktop/hb-backend/node_modules/express/lib/router/layer.js:95:5)\n    at next (/Users/highspiritmaye/Desktop/hb-backend/node_modules/express/lib/router/route.js:149:13)\n    at Route.dispatch (/Users/highspiritmaye/Desktop/hb-backend/node_modules/express/lib/router/route.js:119:3)\n    at Layer.handle [as handle_request] (/Users/highspiritmaye/Desktop/hb-backend/node_modules/express/lib/router/layer.js:95:5)\n    at /Users/highspiritmaye/Desktop/hb-backend/node_modules/express/lib/router/index.js:284:15\n    at router.process_params (/Users/highspiritmaye/Desktop/hb-backend/node_modules/express/lib/router/index.js:346:12)\n    at next (/Users/highspiritmaye/Desktop/hb-backend/node_modules/express/lib/router/index.js:280:10)","path":"/content/page-items"}
[2026-09-17T14:50:59.222Z] INFO: HouseBank API listening on port 3001 (development) 
[2026-09-17T14:53:37.449Z] ERROR: Unhandled error {"message":"Table 'hb_database.page_content_items' doesn't exist","stack":"Error: Table 'hb_database.page_content_items' doesn't exist\n    at Object.listByPage (/Users/highspiritmaye/Desktop/hb-backend/src/models/PageContent.js:24:29)\n    at /Users/highspiritmaye/Desktop/hb-backend/src/modules/content/content.routes.js:31:37\n    at /Users/highspiritmaye/Desktop/hb-backend/src/modules/content/content.routes.js:12:42\n    at Layer.handle [as handle_request] (/Users/highspiritmaye/Desktop/hb-backend/node_modules/express/lib/router/layer.js:95:5)\n    at next (/Users/highspiritmaye/Desktop/hb-backend/node_modules/express/lib/router/route.js:149:13)\n    at Route.dispatch (/Users/highspiritmaye/Desktop/hb-backend/node_modules/express/lib/router/route.js:119:3)\n    at Layer.handle [as handle_request] (/Users/highspiritmaye/Desktop/hb-backend/node_modules/express/lib/router/layer.js:95:5)\n    at /Users/highspiritmaye/Desktop/hb-backend/node_modules/express/lib/router/index.js:284:15\n    at router.process_params (/Users/highspiritmaye/Desktop/hb-backend/node_modules/express/lib/router/index.js:346:12)\n    at next (/Users/highspiritmaye/Desktop/hb-backend/node_modules/express/lib/router/index.js:280:10)","path":"/content/page-items"}
[2026-09-17T14:53:43.504Z] ERROR: Unhandled error {"message":"Table 'hb_database.page_content_items' doesn't exist","stack":"Error: Table 'hb_database.page_content_items' doesn't exist\n    at Object.listByPage (/Users/highspiritmaye/Desktop/hb-backend/src/models/PageContent.js:24:29)\n    at /Users/highspiritmaye/Desktop/hb-backend/src/modules/content/content.routes.js:31:37\n    at /Users/highspiritmaye/Desktop/hb-backend/src/modules/content/content.routes.js:12:42\n    at Layer.handle [as handle_request] (/Users/highspiritmaye/Desktop/hb-backend/node_modules/express/lib/router/layer.js:95:5)\n    at next (/Users/highspiritmaye/Desktop/hb-backend/node_modules/express/lib/router/route.js:149:13)\n    at Route.dispatch (/Users/highspiritmaye/Desktop/hb-backend/node_modules/express/lib/router/route.js:119:3)\n    at Layer.handle [as handle_request] (/Users/highspiritmaye/Desktop/hb-backend/node_modules/express/lib/router/layer.js:95:5)\n    at /Users/highspiritmaye/Desktop/hb-backend/node_modules/express/lib/router/index.js:284:15\n    at router.process_params (/Users/highspiritmaye/Desktop/hb-backend/node_modules/express/lib/router/index.js:346:12)\n    at next (/Users/highspiritmaye/Desktop/hb-backend/node_modules/express/lib/router/index.js:280:10)","path":"/content/page-items"}
[2026-09-17T14:56:22.290Z] ERROR: Unhandled error {"message":"Table 'hb_database.page_content_items' doesn't exist","stack":"Error: Table 'hb_database.page_content_items' doesn't exist\n    at Object.listByPageForAdmin (/Users/highspiritmaye/Desktop/hb-backend/src/models/PageContent.js:34:29)\n    at /Users/highspiritmaye/Desktop/hb-backend/src/modules/content/content.routes.js:311:37\n    at /Users/highspiritmaye/Desktop/hb-backend/src/modules/content/content.routes.js:12:42\n    at Layer.handle [as handle_request] (/Users/highspiritmaye/Desktop/hb-backend/node_modules/express/lib/router/layer.js:95:5)\n    at next (/Users/highspiritmaye/Desktop/hb-backend/node_modules/express/lib/router/route.js:149:13)\n    at /Users/highspiritmaye/Desktop/hb-backend/src/middleware/auth.js:45:5\n    at Layer.handle [as handle_request] (/Users/highspiritmaye/Desktop/hb-backend/node_modules/express/lib/router/layer.js:95:5)\n    at next (/Users/highspiritmaye/Desktop/hb-backend/node_modules/express/lib/router/route.js:149:13)\n    at requireAuth (/Users/highspiritmaye/Desktop/hb-backend/src/middleware/auth.js:31:3)\n    at Layer.handle [as handle_request] (/Users/highspiritmaye/Desktop/hb-backend/node_modules/express/lib/router/layer.js:95:5)","path":"/content/page-items/admin"}
[2026-09-17T15:29:18.213Z] INFO: HouseBank API listening on port 3001 (development) 
[2026-09-17T15:29:23.933Z] INFO: HouseBank API listening on port 3001 (development) 
[2026-09-17T15:29:29.641Z] INFO: HouseBank API listening on port 3001 (development) 
[2026-09-17T15:29:35.288Z] INFO: HouseBank API listening on port 3001 (development) 
[2026-09-17T15:29:44.297Z] INFO: HouseBank API listening on port 3001 (development) 
[2026-09-17T15:29:55.055Z] INFO: HouseBank API listening on port 3001 (development) 
[2026-09-17T15:30:05.678Z] INFO: HouseBank API listening on port 3001 (development) 
[2026-09-17T15:30:15.410Z] INFO: HouseBank API listening on port 3001 (development) 
[2026-09-17T15:44:47.101Z] ERROR: Unhandled error {"message":"Table 'hb_database.page_content_items' doesn't exist","stack":"Error: Table 'hb_database.page_content_items' doesn't exist\n    at Object.listByPageForAdmin (/Users/highspiritmaye/Desktop/hb-backend/src/models/PageContent.js:34:29)\n    at /Users/highspiritmaye/Desktop/hb-backend/src/modules/content/content.routes.js:311:37\n    at /Users/highspiritmaye/Desktop/hb-backend/src/modules/content/content.routes.js:12:42\n    at Layer.handle [as handle_request] (/Users/highspiritmaye/Desktop/hb-backend/node_modules/express/lib/router/layer.js:95:5)\n    at next (/Users/highspiritmaye/Desktop/hb-backend/node_modules/express/lib/router/route.js:149:13)\n    at /Users/highspiritmaye/Desktop/hb-backend/src/middleware/auth.js:45:5\n    at Layer.handle [as handle_request] (/Users/highspiritmaye/Desktop/hb-backend/node_modules/express/lib/router/layer.js:95:5)\n    at next (/Users/highspiritmaye/Desktop/hb-backend/node_modules/express/lib/router/route.js:149:13)\n    at requireAuth (/Users/highspiritmaye/Desktop/hb-backend/src/middleware/auth.js:31:3)\n    at Layer.handle [as handle_request] (/Users/highspiritmaye/Desktop/hb-backend/node_modules/express/lib/router/layer.js:95:5)","path":"/content/page-items/admin"}
[2026-09-17T15:45:03.041Z] ERROR: Unhandled error {"message":"Table 'hb_database.page_content_items' doesn't exist","stack":"Error: Table 'hb_database.page_content_items' doesn't exist\n    at Object.listByPageForAdmin (/Users/highspiritmaye/Desktop/hb-backend/src/models/PageContent.js:34:29)\n    at /Users/highspiritmaye/Desktop/hb-backend/src/modules/content/content.routes.js:311:37\n    at /Users/highspiritmaye/Desktop/hb-backend/src/modules/content/content.routes.js:12:42\n    at Layer.handle [as handle_request] (/Users/highspiritmaye/Desktop/hb-backend/node_modules/express/lib/router/layer.js:95:5)\n    at next (/Users/highspiritmaye/Desktop/hb-backend/node_modules/express/lib/router/route.js:149:13)\n    at /Users/highspiritmaye/Desktop/hb-backend/src/middleware/auth.js:45:5\n    at Layer.handle [as handle_request] (/Users/highspiritmaye/Desktop/hb-backend/node_modules/express/lib/router/layer.js:95:5)\n    at next (/Users/highspiritmaye/Desktop/hb-backend/node_modules/express/lib/router/route.js:149:13)\n    at requireAuth (/Users/highspiritmaye/Desktop/hb-backend/src/middleware/auth.js:31:3)\n    at Layer.handle [as handle_request] (/Users/highspiritmaye/Desktop/hb-backend/node_modules/express/lib/router/layer.js:95:5)","path":"/content/page-items/admin"}
[2026-09-17T15:45:04.039Z] ERROR: Unhandled error {"message":"Table 'hb_database.page_content_items' doesn't exist","stack":"Error: Table 'hb_database.page_content_items' doesn't exist\n    at Object.listByPageForAdmin (/Users/highspiritmaye/Desktop/hb-backend/src/models/PageContent.js:34:29)\n    at /Users/highspiritmaye/Desktop/hb-backend/src/modules/content/content.routes.js:311:37\n    at /Users/highspiritmaye/Desktop/hb-backend/src/modules/content/content.routes.js:12:42\n    at Layer.handle [as handle_request] (/Users/highspiritmaye/Desktop/hb-backend/node_modules/express/lib/router/layer.js:95:5)\n    at next (/Users/highspiritmaye/Desktop/hb-backend/node_modules/express/lib/router/route.js:149:13)\n    at /Users/highspiritmaye/Desktop/hb-backend/src/middleware/auth.js:45:5\n    at Layer.handle [as handle_request] (/Users/highspiritmaye/Desktop/hb-backend/node_modules/express/lib/router/layer.js:95:5)\n    at next (/Users/highspiritmaye/Desktop/hb-backend/node_modules/express/lib/router/route.js:149:13)\n    at requireAuth (/Users/highspiritmaye/Desktop/hb-backend/src/middleware/auth.js:31:3)\n    at Layer.handle [as handle_request] (/Users/highspiritmaye/Desktop/hb-backend/node_modules/express/lib/router/layer.js:95:5)","path":"/content/page-items/admin"}
[2026-09-17T16:08:03.831Z] INFO: Landing-page contact message received {"email":"dantechhubict@gmail.com"}
[2026-09-17T18:45:01.875Z] INFO: HouseBank API listening on port 3001 (development) 
[2026-09-17T18:45:17.511Z] INFO: HouseBank API listening on port 3001 (development) 
[2026-09-17T18:45:51.820Z] INFO: HouseBank API listening on port 3001 (development) 
[2026-09-17T18:46:16.923Z] INFO: HouseBank API listening on port 3001 (development) 
[2026-09-17T20:30:59.501Z] INFO: HouseBank API listening on port 3001 (development) 
[2026-09-17T20:58:50.715Z] INFO: HouseBank API listening on port 3001 (development) 
[2026-09-17T20:58:55.154Z] INFO: HouseBank API listening on port 3001 (development) 
[2026-09-17T21:13:12.112Z] INFO: Property viewing requested {"viewing_id":1,"user_id":1,"property_id":1}
[2026-09-17T21:13:46.361Z] INFO: Property viewing confirmed {"viewing_id":1,"confirmed_by":3}
[2026-09-17T21:21:33.995Z] INFO: HouseBank API listening on port 3001 (development) 
[2026-09-17T21:49:47.403Z] INFO: HouseBank API listening on port 3001 (development) 
[2026-09-17T21:57:51.775Z] INFO: HouseBank API listening on port 3001 (development) 
[2026-09-17T21:57:57.835Z] INFO: HouseBank API listening on port 3001 (development) 
[2026-09-17T21:58:01.884Z] ERROR: Mail transport: SMTP verification failed at boot -- emails will not send until this is fixed. {"error":"Invalid login: 535 Incorrect authentication data"}
[2026-09-17T22:13:28.100Z] INFO: HouseBank API listening on port 3001 (development) 
[2026-09-17T22:13:31.889Z] ERROR: Mail transport: SMTP verification failed at boot -- emails will not send until this is fixed. {"error":"Invalid login: 535 Incorrect authentication data"}
[2026-09-18T10:20:35.946Z] INFO: HouseBank API listening on port 3001 (development) 
[2026-09-18T10:20:40.080Z] ERROR: Mail transport: SMTP verification failed at boot -- emails will not send until this is fixed. {"error":"Invalid login: 535 Incorrect authentication data"}
[2026-09-21T02:21:34.237Z] INFO: HouseBank API listening on port 3001 (production) 
[2026-09-21T02:21:34.239Z] WARNING: SMTP_HOST not configured — emails will be logged, not sent. 
[2026-09-21T02:21:34.240Z] WARNING: Mail transport: SMTP_HOST is not configured -- emails will not send. 
[2026-09-21T02:25:59.823Z] INFO: HouseBank API listening on port 3001 (production) 
[2026-09-21T02:25:59.825Z] WARNING: SMTP_HOST not configured — emails will be logged, not sent. 
[2026-09-21T02:25:59.826Z] WARNING: Mail transport: SMTP_HOST is not configured -- emails will not send. 
[2026-09-21T02:27:46.141Z] ERROR: Unhandled error {"message":"connect ECONNREFUSED 127.0.0.1:3306","stack":"Error: connect ECONNREFUSED 127.0.0.1:3306\n    at Object.listHelpTopics (/home/destiny-tch/Downloads/tpm 226/hb-backend/hb-backend/src/models/Content.js:46:29)\n    at /home/destiny-tch/Downloads/tpm 226/hb-backend/hb-backend/src/modules/content/content.routes.js:67:34\n    at /home/destiny-tch/Downloads/tpm 226/hb-backend/hb-backend/src/modules/content/content.routes.js:12:42\n    at Layer.handle [as handle_request] (/home/destiny-tch/Downloads/tpm 226/hb-backend/hb-backend/node_modules/express/lib/router/layer.js:95:5)\n    at next (/home/destiny-tch/Downloads/tpm 226/hb-backend/hb-backend/node_modules/express/lib/router/route.js:149:13)\n    at Route.dispatch (/home/destiny-tch/Downloads/tpm 226/hb-backend/hb-backend/node_modules/express/lib/router/route.js:119:3)\n    at Layer.handle [as handle_request] (/home/destiny-tch/Downloads/tpm 226/hb-backend/hb-backend/node_modules/express/lib/router/layer.js:95:5)\n    at /home/destiny-tch/Downloads/tpm 226/hb-backend/hb-backend/node_modules/express/lib/router/index.js:284:15\n    at router.process_params (/home/destiny-tch/Downloads/tpm 226/hb-backend/hb-backend/node_modules/express/lib/router/index.js:346:12)\n    at next (/home/destiny-tch/Downloads/tpm 226/hb-backend/hb-backend/node_modules/express/lib/router/index.js:280:10)","path":"/content/help-topics"}
[2026-09-21T02:27:46.150Z] ERROR: Unhandled error {"message":"connect ECONNREFUSED 127.0.0.1:3306","stack":"Error: connect ECONNREFUSED 127.0.0.1:3306\n    at Object.listPublishedPosts (/home/destiny-tch/Downloads/tpm 226/hb-backend/hb-backend/src/models/Content.js:94:34)\n    at /home/destiny-tch/Downloads/tpm 226/hb-backend/hb-backend/src/modules/content/content.routes.js:87:34\n    at /home/destiny-tch/Downloads/tpm 226/hb-backend/hb-backend/src/modules/content/content.routes.js:12:42\n    at Layer.handle [as handle_request] (/home/destiny-tch/Downloads/tpm 226/hb-backend/hb-backend/node_modules/express/lib/router/layer.js:95:5)\n    at next (/home/destiny-tch/Downloads/tpm 226/hb-backend/hb-backend/node_modules/express/lib/router/route.js:149:13)\n    at Route.dispatch (/home/destiny-tch/Downloads/tpm 226/hb-backend/hb-backend/node_modules/express/lib/router/route.js:119:3)\n    at Layer.handle [as handle_request] (/home/destiny-tch/Downloads/tpm 226/hb-backend/hb-backend/node_modules/express/lib/router/layer.js:95:5)\n    at /home/destiny-tch/Downloads/tpm 226/hb-backend/hb-backend/node_modules/express/lib/router/index.js:284:15\n    at router.process_params (/home/destiny-tch/Downloads/tpm 226/hb-backend/hb-backend/node_modules/express/lib/router/index.js:346:12)\n    at next (/home/destiny-tch/Downloads/tpm 226/hb-backend/hb-backend/node_modules/express/lib/router/index.js:280:10)","path":"/content/blog"}
[2026-09-21T02:28:00.162Z] INFO: HouseBank API listening on port 3001 (production) 
[2026-09-21T02:28:00.166Z] WARNING: SMTP_HOST not configured — emails will be logged, not sent. 
[2026-09-21T02:28:00.167Z] WARNING: Mail transport: SMTP_HOST is not configured -- emails will not send. 
[2026-09-21T02:28:19.575Z] ERROR: Unhandled error {"message":"connect ECONNREFUSED 127.0.0.1:3306","stack":"Error: connect ECONNREFUSED 127.0.0.1:3306\n    at Object.listHelpTopics (/home/destiny-tch/Downloads/tpm 226/hb-backend/hb-backend/src/models/Content.js:46:29)\n    at /home/destiny-tch/Downloads/tpm 226/hb-backend/hb-backend/src/modules/content/content.routes.js:67:34\n    at /home/destiny-tch/Downloads/tpm 226/hb-backend/hb-backend/src/modules/content/content.routes.js:12:42\n    at Layer.handle [as handle_request] (/home/destiny-tch/Downloads/tpm 226/hb-backend/hb-backend/node_modules/express/lib/router/layer.js:95:5)\n    at next (/home/destiny-tch/Downloads/tpm 226/hb-backend/hb-backend/node_modules/express/lib/router/route.js:149:13)\n    at Route.dispatch (/home/destiny-tch/Downloads/tpm 226/hb-backend/hb-backend/node_modules/express/lib/router/route.js:119:3)\n    at Layer.handle [as handle_request] (/home/destiny-tch/Downloads/tpm 226/hb-backend/hb-backend/node_modules/express/lib/router/layer.js:95:5)\n    at /home/destiny-tch/Downloads/tpm 226/hb-backend/hb-backend/node_modules/express/lib/router/index.js:284:15\n    at router.process_params (/home/destiny-tch/Downloads/tpm 226/hb-backend/hb-backend/node_modules/express/lib/router/index.js:346:12)\n    at next (/home/destiny-tch/Downloads/tpm 226/hb-backend/hb-backend/node_modules/express/lib/router/index.js:280:10)","path":"/content/help-topics"}
[2026-09-21T02:28:19.591Z] ERROR: Unhandled error {"message":"connect ECONNREFUSED 127.0.0.1:3306","stack":"Error: connect ECONNREFUSED 127.0.0.1:3306\n    at Object.listPublishedPosts (/home/destiny-tch/Downloads/tpm 226/hb-backend/hb-backend/src/models/Content.js:94:34)\n    at /home/destiny-tch/Downloads/tpm 226/hb-backend/hb-backend/src/modules/content/content.routes.js:87:34\n    at /home/destiny-tch/Downloads/tpm 226/hb-backend/hb-backend/src/modules/content/content.routes.js:12:42\n    at Layer.handle [as handle_request] (/home/destiny-tch/Downloads/tpm 226/hb-backend/hb-backend/node_modules/express/lib/router/layer.js:95:5)\n    at next (/home/destiny-tch/Downloads/tpm 226/hb-backend/hb-backend/node_modules/express/lib/router/route.js:149:13)\n    at Route.dispatch (/home/destiny-tch/Downloads/tpm 226/hb-backend/hb-backend/node_modules/express/lib/router/route.js:119:3)\n    at Layer.handle [as handle_request] (/home/destiny-tch/Downloads/tpm 226/hb-backend/hb-backend/node_modules/express/lib/router/layer.js:95:5)\n    at /home/destiny-tch/Downloads/tpm 226/hb-backend/hb-backend/node_modules/express/lib/router/index.js:284:15\n    at router.process_params (/home/destiny-tch/Downloads/tpm 226/hb-backend/hb-backend/node_modules/express/lib/router/index.js:346:12)\n    at next (/home/destiny-tch/Downloads/tpm 226/hb-backend/hb-backend/node_modules/express/lib/router/index.js:280:10)","path":"/content/blog"}
[2026-09-21T02:28:47.929Z] ERROR: Unhandled error {"message":"connect ECONNREFUSED 127.0.0.1:3306","stack":"Error: connect ECONNREFUSED 127.0.0.1:3306\n    at Object.listHelpTopics (/home/destiny-tch/Downloads/tpm 226/hb-backend/hb-backend/src/models/Content.js:46:29)\n    at /home/destiny-tch/Downloads/tpm 226/hb-backend/hb-backend/src/modules/content/content.routes.js:67:34\n    at /home/destiny-tch/Downloads/tpm 226/hb-backend/hb-backend/src/modules/content/content.routes.js:12:42\n    at Layer.handle [as handle_request] (/home/destiny-tch/Downloads/tpm 226/hb-backend/hb-backend/node_modules/express/lib/router/layer.js:95:5)\n    at next (/home/destiny-tch/Downloads/tpm 226/hb-backend/hb-backend/node_modules/express/lib/router/route.js:149:13)\n    at Route.dispatch (/home/destiny-tch/Downloads/tpm 226/hb-backend/hb-backend/node_modules/express/lib/router/route.js:119:3)\n    at Layer.handle [as handle_request] (/home/destiny-tch/Downloads/tpm 226/hb-backend/hb-backend/node_modules/express/lib/router/layer.js:95:5)\n    at /home/destiny-tch/Downloads/tpm 226/hb-backend/hb-backend/node_modules/express/lib/router/index.js:284:15\n    at router.process_params (/home/destiny-tch/Downloads/tpm 226/hb-backend/hb-backend/node_modules/express/lib/router/index.js:346:12)\n    at next (/home/destiny-tch/Downloads/tpm 226/hb-backend/hb-backend/node_modules/express/lib/router/index.js:280:10)","path":"/content/help-topics"}
[2026-09-21T02:28:47.941Z] ERROR: Unhandled error {"message":"connect ECONNREFUSED 127.0.0.1:3306","stack":"Error: connect ECONNREFUSED 127.0.0.1:3306\n    at Object.listPublishedPosts (/home/destiny-tch/Downloads/tpm 226/hb-backend/hb-backend/src/models/Content.js:94:34)\n    at /home/destiny-tch/Downloads/tpm 226/hb-backend/hb-backend/src/modules/content/content.routes.js:87:34\n    at /home/destiny-tch/Downloads/tpm 226/hb-backend/hb-backend/src/modules/content/content.routes.js:12:42\n    at Layer.handle [as handle_request] (/home/destiny-tch/Downloads/tpm 226/hb-backend/hb-backend/node_modules/express/lib/router/layer.js:95:5)\n    at next (/home/destiny-tch/Downloads/tpm 226/hb-backend/hb-backend/node_modules/express/lib/router/route.js:149:13)\n    at Route.dispatch (/home/destiny-tch/Downloads/tpm 226/hb-backend/hb-backend/node_modules/express/lib/router/route.js:119:3)\n    at Layer.handle [as handle_request] (/home/destiny-tch/Downloads/tpm 226/hb-backend/hb-backend/node_modules/express/lib/router/layer.js:95:5)\n    at /home/destiny-tch/Downloads/tpm 226/hb-backend/hb-backend/node_modules/express/lib/router/index.js:284:15\n    at router.process_params (/home/destiny-tch/Downloads/tpm 226/hb-backend/hb-backend/node_modules/express/lib/router/index.js:346:12)\n    at next (/home/destiny-tch/Downloads/tpm 226/hb-backend/hb-backend/node_modules/express/lib/router/index.js:280:10)","path":"/content/blog"}
[2026-09-21T02:29:04.840Z] ERROR: Unhandled error {"message":"connect ECONNREFUSED 127.0.0.1:3306","stack":"Error: connect ECONNREFUSED 127.0.0.1:3306\n    at /home/destiny-tch/Downloads/tpm 226/hb-backend/hb-backend/src/modules/properties/properties.routes.js:71:31\n    at /home/destiny-tch/Downloads/tpm 226/hb-backend/hb-backend/src/modules/properties/properties.routes.js:22:42\n    at Layer.handle [as handle_request] (/home/destiny-tch/Downloads/tpm 226/hb-backend/hb-backend/node_modules/express/lib/router/layer.js:95:5)\n    at next (/home/destiny-tch/Downloads/tpm 226/hb-backend/hb-backend/node_modules/express/lib/router/route.js:149:13)\n    at Route.dispatch (/home/destiny-tch/Downloads/tpm 226/hb-backend/hb-backend/node_modules/express/lib/router/route.js:119:3)\n    at Layer.handle [as handle_request] (/home/destiny-tch/Downloads/tpm 226/hb-backend/hb-backend/node_modules/express/lib/router/layer.js:95:5)\n    at /home/destiny-tch/Downloads/tpm 226/hb-backend/hb-backend/node_modules/express/lib/router/index.js:284:15\n    at router.process_params (/home/destiny-tch/Downloads/tpm 226/hb-backend/hb-backend/node_modules/express/lib/router/index.js:346:12)\n    at next (/home/destiny-tch/Downloads/tpm 226/hb-backend/hb-backend/node_modules/express/lib/router/index.js:280:10)\n    at router.handle (/home/destiny-tch/Downloads/tpm 226/hb-backend/hb-backend/node_modules/express/lib/router/index.js:175:3)","path":"/properties/types"}
[2026-09-21T02:29:04.857Z] ERROR: Unhandled error {"message":"connect ECONNREFUSED 127.0.0.1:3306","stack":"Error: connect ECONNREFUSED 127.0.0.1:3306\n    at Object.searchApproved (/home/destiny-tch/Downloads/tpm 226/hb-backend/hb-backend/src/models/Property.js:122:34)\n    at /home/destiny-tch/Downloads/tpm 226/hb-backend/hb-backend/src/modules/properties/properties.routes.js:62:35\n    at /home/destiny-tch/Downloads/tpm 226/hb-backend/hb-backend/src/modules/properties/properties.routes.js:22:42\n    at Layer.handle [as handle_request] (/home/destiny-tch/Downloads/tpm 226/hb-backend/hb-backend/node_modules/express/lib/router/layer.js:95:5)\n    at next (/home/destiny-tch/Downloads/tpm 226/hb-backend/hb-backend/node_modules/express/lib/router/route.js:149:13)\n    at Route.dispatch (/home/destiny-tch/Downloads/tpm 226/hb-backend/hb-backend/node_modules/express/lib/router/route.js:119:3)\n    at Layer.handle [as handle_request] (/home/destiny-tch/Downloads/tpm 226/hb-backend/hb-backend/node_modules/express/lib/router/layer.js:95:5)\n    at /home/destiny-tch/Downloads/tpm 226/hb-backend/hb-backend/node_modules/express/lib/router/index.js:284:15\n    at router.process_params (/home/destiny-tch/Downloads/tpm 226/hb-backend/hb-backend/node_modules/express/lib/router/index.js:346:12)\n    at next (/home/destiny-tch/Downloads/tpm 226/hb-backend/hb-backend/node_modules/express/lib/router/index.js:280:10)","path":"/properties"}
[2026-09-21T02:29:04.866Z] ERROR: Unhandled error {"message":"connect ECONNREFUSED 127.0.0.1:3306","stack":"Error: connect ECONNREFUSED 127.0.0.1:3306\n    at Object.listByPage (/home/destiny-tch/Downloads/tpm 226/hb-backend/hb-backend/src/models/PageContent.js:24:29)\n    at /home/destiny-tch/Downloads/tpm 226/hb-backend/hb-backend/src/modules/content/content.routes.js:31:37\n    at /home/destiny-tch/Downloads/tpm 226/hb-backend/hb-backend/src/modules/content/content.routes.js:12:42\n    at Layer.handle [as handle_request] (/home/destiny-tch/Downloads/tpm 226/hb-backend/hb-backend/node_modules/express/lib/router/layer.js:95:5)\n    at next (/home/destiny-tch/Downloads/tpm 226/hb-backend/hb-backend/node_modules/express/lib/router/route.js:149:13)\n    at Route.dispatch (/home/destiny-tch/Downloads/tpm 226/hb-backend/hb-backend/node_modules/express/lib/router/route.js:119:3)\n    at Layer.handle [as handle_request] (/home/destiny-tch/Downloads/tpm 226/hb-backend/hb-backend/node_modules/express/lib/router/layer.js:95:5)\n    at /home/destiny-tch/Downloads/tpm 226/hb-backend/hb-backend/node_modules/express/lib/router/index.js:284:15\n    at router.process_params (/home/destiny-tch/Downloads/tpm 226/hb-backend/hb-backend/node_modules/express/lib/router/index.js:346:12)\n    at next (/home/destiny-tch/Downloads/tpm 226/hb-backend/hb-backend/node_modules/express/lib/router/index.js:280:10)","path":"/content/page-items"}
[2026-09-21T02:29:04.867Z] ERROR: Unhandled error {"message":"connect ECONNREFUSED 127.0.0.1:3306","stack":"Error: connect ECONNREFUSED 127.0.0.1:3306\n    at Object.listHelpTopics (/home/destiny-tch/Downloads/tpm 226/hb-backend/hb-backend/src/models/Content.js:46:29)\n    at /home/destiny-tch/Downloads/tpm 226/hb-backend/hb-backend/src/modules/content/content.routes.js:67:34\n    at /home/destiny-tch/Downloads/tpm 226/hb-backend/hb-backend/src/modules/content/content.routes.js:12:42\n    at Layer.handle [as handle_request] (/home/destiny-tch/Downloads/tpm 226/hb-backend/hb-backend/node_modules/express/lib/router/layer.js:95:5)\n    at next (/home/destiny-tch/Downloads/tpm 226/hb-backend/hb-backend/node_modules/express/lib/router/route.js:149:13)\n    at Route.dispatch (/home/destiny-tch/Downloads/tpm 226/hb-backend/hb-backend/node_modules/express/lib/router/route.js:119:3)\n    at Layer.handle [as handle_request] (/home/destiny-tch/Downloads/tpm 226/hb-backend/hb-backend/node_modules/express/lib/router/layer.js:95:5)\n    at /home/destiny-tch/Downloads/tpm 226/hb-backend/hb-backend/node_modules/express/lib/router/index.js:284:15\n    at router.process_params (/home/destiny-tch/Downloads/tpm 226/hb-backend/hb-backend/node_modules/express/lib/router/index.js:346:12)\n    at next (/home/destiny-tch/Downloads/tpm 226/hb-backend/hb-backend/node_modules/express/lib/router/index.js:280:10)","path":"/content/help-topics"}
[2026-09-21T02:29:04.869Z] ERROR: Unhandled error {"message":"connect ECONNREFUSED 127.0.0.1:3306","stack":"Error: connect ECONNREFUSED 127.0.0.1:3306\n    at Object.listPublishedPosts (/home/destiny-tch/Downloads/tpm 226/hb-backend/hb-backend/src/models/Content.js:94:34)\n    at /home/destiny-tch/Downloads/tpm 226/hb-backend/hb-backend/src/modules/content/content.routes.js:87:34\n    at /home/destiny-tch/Downloads/tpm 226/hb-backend/hb-backend/src/modules/content/content.routes.js:12:42\n    at Layer.handle [as handle_request] (/home/destiny-tch/Downloads/tpm 226/hb-backend/hb-backend/node_modules/express/lib/router/layer.js:95:5)\n    at next (/home/destiny-tch/Downloads/tpm 226/hb-backend/hb-backend/node_modules/express/lib/router/route.js:149:13)\n    at Route.dispatch (/home/destiny-tch/Downloads/tpm 226/hb-backend/hb-backend/node_modules/express/lib/router/route.js:119:3)\n    at Layer.handle [as handle_request] (/home/destiny-tch/Downloads/tpm 226/hb-backend/hb-backend/node_modules/express/lib/router/layer.js:95:5)\n    at /home/destiny-tch/Downloads/tpm 226/hb-backend/hb-backend/node_modules/express/lib/router/index.js:284:15\n    at router.process_params (/home/destiny-tch/Downloads/tpm 226/hb-backend/hb-backend/node_modules/express/lib/router/index.js:346:12)\n    at next (/home/destiny-tch/Downloads/tpm 226/hb-backend/hb-backend/node_modules/express/lib/router/index.js:280:10)","path":"/content/blog"}
[2026-09-21T02:33:24.861Z] INFO: HouseBank API listening on port 3001 (production) 
[2026-09-21T02:33:24.863Z] WARNING: SMTP_HOST not configured — emails will be logged, not sent. 
[2026-09-21T02:33:24.863Z] WARNING: Mail transport: SMTP_HOST is not configured -- emails will not send. 
[2026-09-21T02:33:54.298Z] ERROR: Unhandled error {"message":"connect ETIMEDOUT","stack":"Error: connect ETIMEDOUT\n    at /home/destiny-tch/Downloads/tpm 226/hb-backend/hb-backend/src/modules/properties/properties.routes.js:71:31\n    at /home/destiny-tch/Downloads/tpm 226/hb-backend/hb-backend/src/modules/properties/properties.routes.js:22:42\n    at Layer.handle [as handle_request] (/home/destiny-tch/Downloads/tpm 226/hb-backend/hb-backend/node_modules/express/lib/router/layer.js:95:5)\n    at next (/home/destiny-tch/Downloads/tpm 226/hb-backend/hb-backend/node_modules/express/lib/router/route.js:149:13)\n    at Route.dispatch (/home/destiny-tch/Downloads/tpm 226/hb-backend/hb-backend/node_modules/express/lib/router/route.js:119:3)\n    at Layer.handle [as handle_request] (/home/destiny-tch/Downloads/tpm 226/hb-backend/hb-backend/node_modules/express/lib/router/layer.js:95:5)\n    at /home/destiny-tch/Downloads/tpm 226/hb-backend/hb-backend/node_modules/express/lib/router/index.js:284:15\n    at router.process_params (/home/destiny-tch/Downloads/tpm 226/hb-backend/hb-backend/node_modules/express/lib/router/index.js:346:12)\n    at next (/home/destiny-tch/Downloads/tpm 226/hb-backend/hb-backend/node_modules/express/lib/router/index.js:280:10)\n    at router.handle (/home/destiny-tch/Downloads/tpm 226/hb-backend/hb-backend/node_modules/express/lib/router/index.js:175:3)","path":"/properties/types"}
[2026-09-21T02:33:54.303Z] ERROR: Unhandled error {"message":"connect ETIMEDOUT","stack":"Error: connect ETIMEDOUT\n    at Object.searchApproved (/home/destiny-tch/Downloads/tpm 226/hb-backend/hb-backend/src/models/Property.js:122:34)\n    at /home/destiny-tch/Downloads/tpm 226/hb-backend/hb-backend/src/modules/properties/properties.routes.js:62:35\n    at /home/destiny-tch/Downloads/tpm 226/hb-backend/hb-backend/src/modules/properties/properties.routes.js:22:42\n    at Layer.handle [as handle_request] (/home/destiny-tch/Downloads/tpm 226/hb-backend/hb-backend/node_modules/express/lib/router/layer.js:95:5)\n    at next (/home/destiny-tch/Downloads/tpm 226/hb-backend/hb-backend/node_modules/express/lib/router/route.js:149:13)\n    at Route.dispatch (/home/destiny-tch/Downloads/tpm 226/hb-backend/hb-backend/node_modules/express/lib/router/route.js:119:3)\n    at Layer.handle [as handle_request] (/home/destiny-tch/Downloads/tpm 226/hb-backend/hb-backend/node_modules/express/lib/router/layer.js:95:5)\n    at /home/destiny-tch/Downloads/tpm 226/hb-backend/hb-backend/node_modules/express/lib/router/index.js:284:15\n    at router.process_params (/home/destiny-tch/Downloads/tpm 226/hb-backend/hb-backend/node_modules/express/lib/router/index.js:346:12)\n    at next (/home/destiny-tch/Downloads/tpm 226/hb-backend/hb-backend/node_modules/express/lib/router/index.js:280:10)","path":"/properties"}
[2026-09-21T02:33:54.306Z] ERROR: Unhandled error {"message":"connect ETIMEDOUT","stack":"Error: connect ETIMEDOUT\n    at Object.listByPage (/home/destiny-tch/Downloads/tpm 226/hb-backend/hb-backend/src/models/PageContent.js:24:29)\n    at /home/destiny-tch/Downloads/tpm 226/hb-backend/hb-backend/src/modules/content/content.routes.js:31:37\n    at /home/destiny-tch/Downloads/tpm 226/hb-backend/hb-backend/src/modules/content/content.routes.js:12:42\n    at Layer.handle [as handle_request] (/home/destiny-tch/Downloads/tpm 226/hb-backend/hb-backend/node_modules/express/lib/router/layer.js:95:5)\n    at next (/home/destiny-tch/Downloads/tpm 226/hb-backend/hb-backend/node_modules/express/lib/router/route.js:149:13)\n    at Route.dispatch (/home/destiny-tch/Downloads/tpm 226/hb-backend/hb-backend/node_modules/express/lib/router/route.js:119:3)\n    at Layer.handle [as handle_request] (/home/destiny-tch/Downloads/tpm 226/hb-backend/hb-backend/node_modules/express/lib/router/layer.js:95:5)\n    at /home/destiny-tch/Downloads/tpm 226/hb-backend/hb-backend/node_modules/express/lib/router/index.js:284:15\n    at router.process_params (/home/destiny-tch/Downloads/tpm 226/hb-backend/hb-backend/node_modules/express/lib/router/index.js:346:12)\n    at next (/home/destiny-tch/Downloads/tpm 226/hb-backend/hb-backend/node_modules/express/lib/router/index.js:280:10)","path":"/content/page-items"}
[2026-09-21T02:33:54.311Z] ERROR: Unhandled error {"message":"connect ETIMEDOUT","stack":"Error: connect ETIMEDOUT\n    at Object.listHelpTopics (/home/destiny-tch/Downloads/tpm 226/hb-backend/hb-backend/src/models/Content.js:46:29)\n    at /home/destiny-tch/Downloads/tpm 226/hb-backend/hb-backend/src/modules/content/content.routes.js:67:34\n    at /home/destiny-tch/Downloads/tpm 226/hb-backend/hb-backend/src/modules/content/content.routes.js:12:42\n    at Layer.handle [as handle_request] (/home/destiny-tch/Downloads/tpm 226/hb-backend/hb-backend/node_modules/express/lib/router/layer.js:95:5)\n    at next (/home/destiny-tch/Downloads/tpm 226/hb-backend/hb-backend/node_modules/express/lib/router/route.js:149:13)\n    at Route.dispatch (/home/destiny-tch/Downloads/tpm 226/hb-backend/hb-backend/node_modules/express/lib/router/route.js:119:3)\n    at Layer.handle [as handle_request] (/home/destiny-tch/Downloads/tpm 226/hb-backend/hb-backend/node_modules/express/lib/router/layer.js:95:5)\n    at /home/destiny-tch/Downloads/tpm 226/hb-backend/hb-backend/node_modules/express/lib/router/index.js:284:15\n    at router.process_params (/home/destiny-tch/Downloads/tpm 226/hb-backend/hb-backend/node_modules/express/lib/router/index.js:346:12)\n    at next (/home/destiny-tch/Downloads/tpm 226/hb-backend/hb-backend/node_modules/express/lib/router/index.js:280:10)","path":"/content/help-topics"}
[2026-09-21T02:33:54.315Z] ERROR: Unhandled error {"message":"connect ETIMEDOUT","stack":"Error: connect ETIMEDOUT\n    at Object.listPublishedPosts (/home/destiny-tch/Downloads/tpm 226/hb-backend/hb-backend/src/models/Content.js:94:34)\n    at /home/destiny-tch/Downloads/tpm 226/hb-backend/hb-backend/src/modules/content/content.routes.js:87:34\n    at /home/destiny-tch/Downloads/tpm 226/hb-backend/hb-backend/src/modules/content/content.routes.js:12:42\n    at Layer.handle [as handle_request] (/home/destiny-tch/Downloads/tpm 226/hb-backend/hb-backend/node_modules/express/lib/router/layer.js:95:5)\n    at next (/home/destiny-tch/Downloads/tpm 226/hb-backend/hb-backend/node_modules/express/lib/router/route.js:149:13)\n    at Route.dispatch (/home/destiny-tch/Downloads/tpm 226/hb-backend/hb-backend/node_modules/express/lib/router/route.js:119:3)\n    at Layer.handle [as handle_request] (/home/destiny-tch/Downloads/tpm 226/hb-backend/hb-backend/node_modules/express/lib/router/layer.js:95:5)\n    at /home/destiny-tch/Downloads/tpm 226/hb-backend/hb-backend/node_modules/express/lib/router/index.js:284:15\n    at router.process_params (/home/destiny-tch/Downloads/tpm 226/hb-backend/hb-backend/node_modules/express/lib/router/index.js:346:12)\n    at next (/home/destiny-tch/Downloads/tpm 226/hb-backend/hb-backend/node_modules/express/lib/router/index.js:280:10)","path":"/content/blog"}
[2026-09-21T02:34:03.687Z] ERROR: Unhandled error {"message":"connect ETIMEDOUT","stack":"Error: connect ETIMEDOUT\n    at Object.listPublishedPosts (/home/destiny-tch/Downloads/tpm 226/hb-backend/hb-backend/src/models/Content.js:94:34)\n    at /home/destiny-tch/Downloads/tpm 226/hb-backend/hb-backend/src/modules/content/content.routes.js:87:34\n    at /home/destiny-tch/Downloads/tpm 226/hb-backend/hb-backend/src/modules/content/content.routes.js:12:42\n    at Layer.handle [as handle_request] (/home/destiny-tch/Downloads/tpm 226/hb-backend/hb-backend/node_modules/express/lib/router/layer.js:95:5)\n    at next (/home/destiny-tch/Downloads/tpm 226/hb-backend/hb-backend/node_modules/express/lib/router/route.js:149:13)\n    at Route.dispatch (/home/destiny-tch/Downloads/tpm 226/hb-backend/hb-backend/node_modules/express/lib/router/route.js:119:3)\n    at Layer.handle [as handle_request] (/home/destiny-tch/Downloads/tpm 226/hb-backend/hb-backend/node_modules/express/lib/router/layer.js:95:5)\n    at /home/destiny-tch/Downloads/tpm 226/hb-backend/hb-backend/node_modules/express/lib/router/index.js:284:15\n    at router.process_params (/home/destiny-tch/Downloads/tpm 226/hb-backend/hb-backend/node_modules/express/lib/router/index.js:346:12)\n    at next (/home/destiny-tch/Downloads/tpm 226/hb-backend/hb-backend/node_modules/express/lib/router/index.js:280:10)","path":"/content/blog"}
[2026-09-21T02:34:04.303Z] ERROR: Unhandled error {"message":"connect ETIMEDOUT","stack":"Error: connect ETIMEDOUT\n    at Object.listPublishedPosts (/home/destiny-tch/Downloads/tpm 226/hb-backend/hb-backend/src/models/Content.js:94:34)\n    at /home/destiny-tch/Downloads/tpm 226/hb-backend/hb-backend/src/modules/content/content.routes.js:87:34\n    at /home/destiny-tch/Downloads/tpm 226/hb-backend/hb-backend/src/modules/content/content.routes.js:12:42\n    at Layer.handle [as handle_request] (/home/destiny-tch/Downloads/tpm 226/hb-backend/hb-backend/node_modules/express/lib/router/layer.js:95:5)\n    at next (/home/destiny-tch/Downloads/tpm 226/hb-backend/hb-backend/node_modules/express/lib/router/route.js:149:13)\n    at Route.dispatch (/home/destiny-tch/Downloads/tpm 226/hb-backend/hb-backend/node_modules/express/lib/router/route.js:119:3)\n    at Layer.handle [as handle_request] (/home/destiny-tch/Downloads/tpm 226/hb-backend/hb-backend/node_modules/express/lib/router/layer.js:95:5)\n    at /home/destiny-tch/Downloads/tpm 226/hb-backend/hb-backend/node_modules/express/lib/router/index.js:284:15\n    at router.process_params (/home/destiny-tch/Downloads/tpm 226/hb-backend/hb-backend/node_modules/express/lib/router/index.js:346:12)\n    at next (/home/destiny-tch/Downloads/tpm 226/hb-backend/hb-backend/node_modules/express/lib/router/index.js:280:10)","path":"/content/blog"}
[2026-09-21T02:34:08.269Z] ERROR: Unhandled error {"message":"connect ETIMEDOUT","stack":"Error: connect ETIMEDOUT\n    at /home/destiny-tch/Downloads/tpm 226/hb-backend/hb-backend/src/modules/properties/properties.routes.js:71:31\n    at /home/destiny-tch/Downloads/tpm 226/hb-backend/hb-backend/src/modules/properties/properties.routes.js:22:42\n    at Layer.handle [as handle_request] (/home/destiny-tch/Downloads/tpm 226/hb-backend/hb-backend/node_modules/express/lib/router/layer.js:95:5)\n    at next (/home/destiny-tch/Downloads/tpm 226/hb-backend/hb-backend/node_modules/express/lib/router/route.js:149:13)\n    at Route.dispatch (/home/destiny-tch/Downloads/tpm 226/hb-backend/hb-backend/node_modules/express/lib/router/route.js:119:3)\n    at Layer.handle [as handle_request] (/home/destiny-tch/Downloads/tpm 226/hb-backend/hb-backend/node_modules/express/lib/router/layer.js:95:5)\n    at /home/destiny-tch/Downloads/tpm 226/hb-backend/hb-backend/node_modules/express/lib/router/index.js:284:15\n    at router.process_params (/home/destiny-tch/Downloads/tpm 226/hb-backend/hb-backend/node_modules/express/lib/router/index.js:346:12)\n    at next (/home/destiny-tch/Downloads/tpm 226/hb-backend/hb-backend/node_modules/express/lib/router/index.js:280:10)\n    at router.handle (/home/destiny-tch/Downloads/tpm 226/hb-backend/hb-backend/node_modules/express/lib/router/index.js:175:3)","path":"/properties/types"}
[2026-09-21T02:34:08.279Z] ERROR: Unhandled error {"message":"connect ETIMEDOUT","stack":"Error: connect ETIMEDOUT\n    at Object.searchApproved (/home/destiny-tch/Downloads/tpm 226/hb-backend/hb-backend/src/models/Property.js:122:34)\n    at /home/destiny-tch/Downloads/tpm 226/hb-backend/hb-backend/src/modules/properties/properties.routes.js:62:35\n    at /home/destiny-tch/Downloads/tpm 226/hb-backend/hb-backend/src/modules/properties/properties.routes.js:22:42\n    at Layer.handle [as handle_request] (/home/destiny-tch/Downloads/tpm 226/hb-backend/hb-backend/node_modules/express/lib/router/layer.js:95:5)\n    at next (/home/destiny-tch/Downloads/tpm 226/hb-backend/hb-backend/node_modules/express/lib/router/route.js:149:13)\n    at Route.dispatch (/home/destiny-tch/Downloads/tpm 226/hb-backend/hb-backend/node_modules/express/lib/router/route.js:119:3)\n    at Layer.handle [as handle_request] (/home/destiny-tch/Downloads/tpm 226/hb-backend/hb-backend/node_modules/express/lib/router/layer.js:95:5)\n    at /home/destiny-tch/Downloads/tpm 226/hb-backend/hb-backend/node_modules/express/lib/router/index.js:284:15\n    at router.process_params (/home/destiny-tch/Downloads/tpm 226/hb-backend/hb-backend/node_modules/express/lib/router/index.js:346:12)\n    at next (/home/destiny-tch/Downloads/tpm 226/hb-backend/hb-backend/node_modules/express/lib/router/index.js:280:10)","path":"/properties"}
[2026-09-21T02:34:08.288Z] ERROR: Unhandled error {"message":"connect ETIMEDOUT","stack":"Error: connect ETIMEDOUT\n    at Object.findOpen (/home/destiny-tch/Downloads/tpm 226/hb-backend/hb-backend/src/models/InvestmentProperty.js:47:29)\n    at /home/destiny-tch/Downloads/tpm 226/hb-backend/hb-backend/src/modules/investments/investments.routes.js:27:45\n    at /home/destiny-tch/Downloads/tpm 226/hb-backend/hb-backend/src/modules/investments/investments.routes.js:19:42\n    at Layer.handle [as handle_request] (/home/destiny-tch/Downloads/tpm 226/hb-backend/hb-backend/node_modules/express/lib/router/layer.js:95:5)\n    at next (/home/destiny-tch/Downloads/tpm 226/hb-backend/hb-backend/node_modules/express/lib/router/route.js:149:13)\n    at Route.dispatch (/home/destiny-tch/Downloads/tpm 226/hb-backend/hb-backend/node_modules/express/lib/router/route.js:119:3)\n    at Layer.handle [as handle_request] (/home/destiny-tch/Downloads/tpm 226/hb-backend/hb-backend/node_modules/express/lib/router/layer.js:95:5)\n    at /home/destiny-tch/Downloads/tpm 226/hb-backend/hb-backend/node_modules/express/lib/router/index.js:284:15\n    at router.process_params (/home/destiny-tch/Downloads/tpm 226/hb-backend/hb-backend/node_modules/express/lib/router/index.js:346:12)\n    at next (/home/destiny-tch/Downloads/tpm 226/hb-backend/hb-backend/node_modules/express/lib/router/index.js:280:10)","path":"/investments/opportunities"}
[2026-09-21T02:34:08.293Z] ERROR: Unhandled error {"message":"connect ETIMEDOUT","stack":"Error: connect ETIMEDOUT\n    at Object.searchApproved (/home/destiny-tch/Downloads/tpm 226/hb-backend/hb-backend/src/models/Property.js:122:34)\n    at /home/destiny-tch/Downloads/tpm 226/hb-backend/hb-backend/src/modules/properties/properties.routes.js:62:35\n    at /home/destiny-tch/Downloads/tpm 226/hb-backend/hb-backend/src/modules/properties/properties.routes.js:22:42\n    at Layer.handle [as handle_request] (/home/destiny-tch/Downloads/tpm 226/hb-backend/hb-backend/node_modules/express/lib/router/layer.js:95:5)\n    at next (/home/destiny-tch/Downloads/tpm 226/hb-backend/hb-backend/node_modules/express/lib/router/route.js:149:13)\n    at Route.dispatch (/home/destiny-tch/Downloads/tpm 226/hb-backend/hb-backend/node_modules/express/lib/router/route.js:119:3)\n    at Layer.handle [as handle_request] (/home/destiny-tch/Downloads/tpm 226/hb-backend/hb-backend/node_modules/express/lib/router/layer.js:95:5)\n    at /home/destiny-tch/Downloads/tpm 226/hb-backend/hb-backend/node_modules/express/lib/router/index.js:284:15\n    at router.process_params (/home/destiny-tch/Downloads/tpm 226/hb-backend/hb-backend/node_modules/express/lib/router/index.js:346:12)\n    at next (/home/destiny-tch/Downloads/tpm 226/hb-backend/hb-backend/node_modules/express/lib/router/index.js:280:10)","path":"/properties"}
[2026-09-21T02:34:13.711Z] ERROR: Unhandled error {"message":"connect ETIMEDOUT","stack":"Error: connect ETIMEDOUT\n    at Object.listByPage (/home/destiny-tch/Downloads/tpm 226/hb-backend/hb-backend/src/models/PageContent.js:24:29)\n    at /home/destiny-tch/Downloads/tpm 226/hb-backend/hb-backend/src/modules/content/content.routes.js:31:37\n    at /home/destiny-tch/Downloads/tpm 226/hb-backend/hb-backend/src/modules/content/content.routes.js:12:42\n    at Layer.handle [as handle_request] (/home/destiny-tch/Downloads/tpm 226/hb-backend/hb-backend/node_modules/express/lib/router/layer.js:95:5)\n    at next (/home/destiny-tch/Downloads/tpm 226/hb-backend/hb-backend/node_modules/express/lib/router/route.js:149:13)\n    at Route.dispatch (/home/destiny-tch/Downloads/tpm 226/hb-backend/hb-backend/node_modules/express/lib/router/route.js:119:3)\n    at Layer.handle [as handle_request] (/home/destiny-tch/Downloads/tpm 226/hb-backend/hb-backend/node_modules/express/lib/router/layer.js:95:5)\n    at /home/destiny-tch/Downloads/tpm 226/hb-backend/hb-backend/node_modules/express/lib/router/index.js:284:15\n    at router.process_params (/home/destiny-tch/Downloads/tpm 226/hb-backend/hb-backend/node_modules/express/lib/router/index.js:346:12)\n    at next (/home/destiny-tch/Downloads/tpm 226/hb-backend/hb-backend/node_modules/express/lib/router/index.js:280:10)","path":"/content/page-items"}
[2026-09-21T02:34:14.311Z] ERROR: Unhandled error {"message":"connect ETIMEDOUT","stack":"Error: connect ETIMEDOUT\n    at Object.listHelpTopics (/home/destiny-tch/Downloads/tpm 226/hb-backend/hb-backend/src/models/Content.js:46:29)\n    at /home/destiny-tch/Downloads/tpm 226/hb-backend/hb-backend/src/modules/content/content.routes.js:67:34\n    at /home/destiny-tch/Downloads/tpm 226/hb-backend/hb-backend/src/modules/content/content.routes.js:12:42\n    at Layer.handle [as handle_request] (/home/destiny-tch/Downloads/tpm 226/hb-backend/hb-backend/node_modules/express/lib/router/layer.js:95:5)\n    at next (/home/destiny-tch/Downloads/tpm 226/hb-backend/hb-backend/node_modules/express/lib/router/route.js:149:13)\n    at Route.dispatch (/home/destiny-tch/Downloads/tpm 226/hb-backend/hb-backend/node_modules/express/lib/router/route.js:119:3)\n    at Layer.handle [as handle_request] (/home/destiny-tch/Downloads/tpm 226/hb-backend/hb-backend/node_modules/express/lib/router/layer.js:95:5)\n    at /home/destiny-tch/Downloads/tpm 226/hb-backend/hb-backend/node_modules/express/lib/router/index.js:284:15\n    at router.process_params (/home/destiny-tch/Downloads/tpm 226/hb-backend/hb-backend/node_modules/express/lib/router/index.js:346:12)\n    at next (/home/destiny-tch/Downloads/tpm 226/hb-backend/hb-backend/node_modules/express/lib/router/index.js:280:10)","path":"/content/help-topics"}
[2026-09-21T02:34:18.305Z] ERROR: Unhandled error {"message":"connect ETIMEDOUT","stack":"Error: connect ETIMEDOUT\n    at Object.listPublishedPosts (/home/destiny-tch/Downloads/tpm 226/hb-backend/hb-backend/src/models/Content.js:94:34)\n    at /home/destiny-tch/Downloads/tpm 226/hb-backend/hb-backend/src/modules/content/content.routes.js:87:34\n    at /home/destiny-tch/Downloads/tpm 226/hb-backend/hb-backend/src/modules/content/content.routes.js:12:42\n    at Layer.handle [as handle_request] (/home/destiny-tch/Downloads/tpm 226/hb-backend/hb-backend/node_modules/express/lib/router/layer.js:95:5)\n    at next (/home/destiny-tch/Downloads/tpm 226/hb-backend/hb-backend/node_modules/express/lib/router/route.js:149:13)\n    at Route.dispatch (/home/destiny-tch/Downloads/tpm 226/hb-backend/hb-backend/node_modules/express/lib/router/route.js:119:3)\n    at Layer.handle [as handle_request] (/home/destiny-tch/Downloads/tpm 226/hb-backend/hb-backend/node_modules/express/lib/router/layer.js:95:5)\n    at /home/destiny-tch/Downloads/tpm 226/hb-backend/hb-backend/node_modules/express/lib/router/index.js:284:15\n    at router.process_params (/home/destiny-tch/Downloads/tpm 226/hb-backend/hb-backend/node_modules/express/lib/router/index.js:346:12)\n    at next (/home/destiny-tch/Downloads/tpm 226/hb-backend/hb-backend/node_modules/express/lib/router/index.js:280:10)","path":"/content/blog"}
[2026-09-21T02:36:14.971Z] INFO: HouseBank API listening on port 3001 (development) 
[2026-09-21T02:36:14.973Z] WARNING: SMTP_HOST not configured — emails will be logged, not sent. 
[2026-09-21T02:36:14.974Z] WARNING: Mail transport: SMTP_HOST is not configured -- emails will not send. 
[2026-09-21T02:36:32.434Z] ERROR: Unhandled error {"message":"connect ETIMEDOUT","stack":"Error: connect ETIMEDOUT\n    at /home/destiny-tch/Downloads/tpm 226/hb-backend/hb-backend/src/modules/properties/properties.routes.js:71:31\n    at /home/destiny-tch/Downloads/tpm 226/hb-backend/hb-backend/src/modules/properties/properties.routes.js:22:42\n    at Layer.handle [as handle_request] (/home/destiny-tch/Downloads/tpm 226/hb-backend/hb-backend/node_modules/express/lib/router/layer.js:95:5)\n    at next (/home/destiny-tch/Downloads/tpm 226/hb-backend/hb-backend/node_modules/express/lib/router/route.js:149:13)\n    at Route.dispatch (/home/destiny-tch/Downloads/tpm 226/hb-backend/hb-backend/node_modules/express/lib/router/route.js:119:3)\n    at Layer.handle [as handle_request] (/home/destiny-tch/Downloads/tpm 226/hb-backend/hb-backend/node_modules/express/lib/router/layer.js:95:5)\n    at /home/destiny-tch/Downloads/tpm 226/hb-backend/hb-backend/node_modules/express/lib/router/index.js:284:15\n    at router.process_params (/home/destiny-tch/Downloads/tpm 226/hb-backend/hb-backend/node_modules/express/lib/router/index.js:346:12)\n    at next (/home/destiny-tch/Downloads/tpm 226/hb-backend/hb-backend/node_modules/express/lib/router/index.js:280:10)\n    at router.handle (/home/destiny-tch/Downloads/tpm 226/hb-backend/hb-backend/node_modules/express/lib/router/index.js:175:3)","path":"/properties/types"}
[2026-09-21T02:36:32.474Z] ERROR: Unhandled error {"message":"connect ETIMEDOUT","stack":"Error: connect ETIMEDOUT\n    at Object.searchApproved (/home/destiny-tch/Downloads/tpm 226/hb-backend/hb-backend/src/models/Property.js:122:34)\n    at /home/destiny-tch/Downloads/tpm 226/hb-backend/hb-backend/src/modules/properties/properties.routes.js:62:35\n    at /home/destiny-tch/Downloads/tpm 226/hb-backend/hb-backend/src/modules/properties/properties.routes.js:22:42\n    at Layer.handle [as handle_request] (/home/destiny-tch/Downloads/tpm 226/hb-backend/hb-backend/node_modules/express/lib/router/layer.js:95:5)\n    at next (/home/destiny-tch/Downloads/tpm 226/hb-backend/hb-backend/node_modules/express/lib/router/route.js:149:13)\n    at Route.dispatch (/home/destiny-tch/Downloads/tpm 226/hb-backend/hb-backend/node_modules/express/lib/router/route.js:119:3)\n    at Layer.handle [as handle_request] (/home/destiny-tch/Downloads/tpm 226/hb-backend/hb-backend/node_modules/express/lib/router/layer.js:95:5)\n    at /home/destiny-tch/Downloads/tpm 226/hb-backend/hb-backend/node_modules/express/lib/router/index.js:284:15\n    at router.process_params (/home/destiny-tch/Downloads/tpm 226/hb-backend/hb-backend/node_modules/express/lib/router/index.js:346:12)\n    at next (/home/destiny-tch/Downloads/tpm 226/hb-backend/hb-backend/node_modules/express/lib/router/index.js:280:10)","path":"/properties"}
[2026-09-21T02:36:32.481Z] ERROR: Unhandled error {"message":"connect ETIMEDOUT","stack":"Error: connect ETIMEDOUT\n    at Object.listByPage (/home/destiny-tch/Downloads/tpm 226/hb-backend/hb-backend/src/models/PageContent.js:24:29)\n    at /home/destiny-tch/Downloads/tpm 226/hb-backend/hb-backend/src/modules/content/content.routes.js:31:37\n    at /home/destiny-tch/Downloads/tpm 226/hb-backend/hb-backend/src/modules/content/content.routes.js:12:42\n    at Layer.handle [as handle_request] (/home/destiny-tch/Downloads/tpm 226/hb-backend/hb-backend/node_modules/express/lib/router/layer.js:95:5)\n    at next (/home/destiny-tch/Downloads/tpm 226/hb-backend/hb-backend/node_modules/express/lib/router/route.js:149:13)\n    at Route.dispatch (/home/destiny-tch/Downloads/tpm 226/hb-backend/hb-backend/node_modules/express/lib/router/route.js:119:3)\n    at Layer.handle [as handle_request] (/home/destiny-tch/Downloads/tpm 226/hb-backend/hb-backend/node_modules/express/lib/router/layer.js:95:5)\n    at /home/destiny-tch/Downloads/tpm 226/hb-backend/hb-backend/node_modules/express/lib/router/index.js:284:15\n    at router.process_params (/home/destiny-tch/Downloads/tpm 226/hb-backend/hb-backend/node_modules/express/lib/router/index.js:346:12)\n    at next (/home/destiny-tch/Downloads/tpm 226/hb-backend/hb-backend/node_modules/express/lib/router/index.js:280:10)","path":"/content/page-items"}
[2026-09-21T02:36:32.484Z] ERROR: Unhandled error {"message":"connect ETIMEDOUT","stack":"Error: connect ETIMEDOUT\n    at Object.listHelpTopics (/home/destiny-tch/Downloads/tpm 226/hb-backend/hb-backend/src/models/Content.js:46:29)\n    at /home/destiny-tch/Downloads/tpm 226/hb-backend/hb-backend/src/modules/content/content.routes.js:67:34\n    at /home/destiny-tch/Downloads/tpm 226/hb-backend/hb-backend/src/modules/content/content.routes.js:12:42\n    at Layer.handle [as handle_request] (/home/destiny-tch/Downloads/tpm 226/hb-backend/hb-backend/node_modules/express/lib/router/layer.js:95:5)\n    at next (/home/destiny-tch/Downloads/tpm 226/hb-backend/hb-backend/node_modules/express/lib/router/route.js:149:13)\n    at Route.dispatch (/home/destiny-tch/Downloads/tpm 226/hb-backend/hb-backend/node_modules/express/lib/router/route.js:119:3)\n    at Layer.handle [as handle_request] (/home/destiny-tch/Downloads/tpm 226/hb-backend/hb-backend/node_modules/express/lib/router/layer.js:95:5)\n    at /home/destiny-tch/Downloads/tpm 226/hb-backend/hb-backend/node_modules/express/lib/router/index.js:284:15\n    at router.process_params (/home/destiny-tch/Downloads/tpm 226/hb-backend/hb-backend/node_modules/express/lib/router/index.js:346:12)\n    at next (/home/destiny-tch/Downloads/tpm 226/hb-backend/hb-backend/node_modules/express/lib/router/index.js:280:10)","path":"/content/help-topics"}
[2026-09-21T02:36:32.489Z] ERROR: Unhandled error {"message":"connect ETIMEDOUT","stack":"Error: connect ETIMEDOUT\n    at Object.listPublishedPosts (/home/destiny-tch/Downloads/tpm 226/hb-backend/hb-backend/src/models/Content.js:94:34)\n    at /home/destiny-tch/Downloads/tpm 226/hb-backend/hb-backend/src/modules/content/content.routes.js:87:34\n    at /home/destiny-tch/Downloads/tpm 226/hb-backend/hb-backend/src/modules/content/content.routes.js:12:42\n    at Layer.handle [as handle_request] (/home/destiny-tch/Downloads/tpm 226/hb-backend/hb-backend/node_modules/express/lib/router/layer.js:95:5)\n    at next (/home/destiny-tch/Downloads/tpm 226/hb-backend/hb-backend/node_modules/express/lib/router/route.js:149:13)\n    at Route.dispatch (/home/destiny-tch/Downloads/tpm 226/hb-backend/hb-backend/node_modules/express/lib/router/route.js:119:3)\n    at Layer.handle [as handle_request] (/home/destiny-tch/Downloads/tpm 226/hb-backend/hb-backend/node_modules/express/lib/router/layer.js:95:5)\n    at /home/destiny-tch/Downloads/tpm 226/hb-backend/hb-backend/node_modules/express/lib/router/index.js:284:15\n    at router.process_params (/home/destiny-tch/Downloads/tpm 226/hb-backend/hb-backend/node_modules/express/lib/router/index.js:346:12)\n    at next (/home/destiny-tch/Downloads/tpm 226/hb-backend/hb-backend/node_modules/express/lib/router/index.js:280:10)","path":"/content/blog"}
[2026-09-21T02:37:28.366Z] INFO: HouseBank API listening on port 3001 (development) 
[2026-09-21T02:37:28.368Z] WARNING: SMTP_HOST not configured — emails will be logged, not sent. 
[2026-09-21T02:37:28.368Z] WARNING: Mail transport: SMTP_HOST is not configured -- emails will not send. 
[2026-09-21T02:37:39.765Z] ERROR: Unhandled error {"message":"getaddrinfo ENOTFOUND https://server161.web-hosting.com:2083","stack":"Error: getaddrinfo ENOTFOUND https://server161.web-hosting.com:2083\n    at /home/destiny-tch/Downloads/tpm 226/hb-backend/hb-backend/src/modules/properties/properties.routes.js:71:31\n    at /home/destiny-tch/Downloads/tpm 226/hb-backend/hb-backend/src/modules/properties/properties.routes.js:22:42\n    at Layer.handle [as handle_request] (/home/destiny-tch/Downloads/tpm 226/hb-backend/hb-backend/node_modules/express/lib/router/layer.js:95:5)\n    at next (/home/destiny-tch/Downloads/tpm 226/hb-backend/hb-backend/node_modules/express/lib/router/route.js:149:13)\n    at Route.dispatch (/home/destiny-tch/Downloads/tpm 226/hb-backend/hb-backend/node_modules/express/lib/router/route.js:119:3)\n    at Layer.handle [as handle_request] (/home/destiny-tch/Downloads/tpm 226/hb-backend/hb-backend/node_modules/express/lib/router/layer.js:95:5)\n    at /home/destiny-tch/Downloads/tpm 226/hb-backend/hb-backend/node_modules/express/lib/router/index.js:284:15\n    at router.process_params (/home/destiny-tch/Downloads/tpm 226/hb-backend/hb-backend/node_modules/express/lib/router/index.js:346:12)\n    at next (/home/destiny-tch/Downloads/tpm 226/hb-backend/hb-backend/node_modules/express/lib/router/index.js:280:10)\n    at router.handle (/home/destiny-tch/Downloads/tpm 226/hb-backend/hb-backend/node_modules/express/lib/router/index.js:175:3)","path":"/properties/types"}
[2026-09-21T02:37:39.797Z] ERROR: Unhandled error {"message":"getaddrinfo ENOTFOUND https://server161.web-hosting.com:2083","stack":"Error: getaddrinfo ENOTFOUND https://server161.web-hosting.com:2083\n    at Object.searchApproved (/home/destiny-tch/Downloads/tpm 226/hb-backend/hb-backend/src/models/Property.js:122:34)\n    at /home/destiny-tch/Downloads/tpm 226/hb-backend/hb-backend/src/modules/properties/properties.routes.js:62:35\n    at /home/destiny-tch/Downloads/tpm 226/hb-backend/hb-backend/src/modules/properties/properties.routes.js:22:42\n    at Layer.handle [as handle_request] (/home/destiny-tch/Downloads/tpm 226/hb-backend/hb-backend/node_modules/express/lib/router/layer.js:95:5)\n    at next (/home/destiny-tch/Downloads/tpm 226/hb-backend/hb-backend/node_modules/express/lib/router/route.js:149:13)\n    at Route.dispatch (/home/destiny-tch/Downloads/tpm 226/hb-backend/hb-backend/node_modules/express/lib/router/route.js:119:3)\n    at Layer.handle [as handle_request] (/home/destiny-tch/Downloads/tpm 226/hb-backend/hb-backend/node_modules/express/lib/router/layer.js:95:5)\n    at /home/destiny-tch/Downloads/tpm 226/hb-backend/hb-backend/node_modules/express/lib/router/index.js:284:15\n    at router.process_params (/home/destiny-tch/Downloads/tpm 226/hb-backend/hb-backend/node_modules/express/lib/router/index.js:346:12)\n    at next (/home/destiny-tch/Downloads/tpm 226/hb-backend/hb-backend/node_modules/express/lib/router/index.js:280:10)","path":"/properties"}
[2026-09-21T02:37:39.803Z] ERROR: Unhandled error {"message":"getaddrinfo ENOTFOUND https://server161.web-hosting.com:2083","stack":"Error: getaddrinfo ENOTFOUND https://server161.web-hosting.com:2083\n    at Object.listByPage (/home/destiny-tch/Downloads/tpm 226/hb-backend/hb-backend/src/models/PageContent.js:24:29)\n    at /home/destiny-tch/Downloads/tpm 226/hb-backend/hb-backend/src/modules/content/content.routes.js:31:37\n    at /home/destiny-tch/Downloads/tpm 226/hb-backend/hb-backend/src/modules/content/content.routes.js:12:42\n    at Layer.handle [as handle_request] (/home/destiny-tch/Downloads/tpm 226/hb-backend/hb-backend/node_modules/express/lib/router/layer.js:95:5)\n    at next (/home/destiny-tch/Downloads/tpm 226/hb-backend/hb-backend/node_modules/express/lib/router/route.js:149:13)\n    at Route.dispatch (/home/destiny-tch/Downloads/tpm 226/hb-backend/hb-backend/node_modules/express/lib/router/route.js:119:3)\n    at Layer.handle [as handle_request] (/home/destiny-tch/Downloads/tpm 226/hb-backend/hb-backend/node_modules/express/lib/router/layer.js:95:5)\n    at /home/destiny-tch/Downloads/tpm 226/hb-backend/hb-backend/node_modules/express/lib/router/index.js:284:15\n    at router.process_params (/home/destiny-tch/Downloads/tpm 226/hb-backend/hb-backend/node_modules/express/lib/router/index.js:346:12)\n    at next (/home/destiny-tch/Downloads/tpm 226/hb-backend/hb-backend/node_modules/express/lib/router/index.js:280:10)","path":"/content/page-items"}
[2026-09-21T02:37:39.812Z] ERROR: Unhandled error {"message":"getaddrinfo ENOTFOUND https://server161.web-hosting.com:2083","stack":"Error: getaddrinfo ENOTFOUND https://server161.web-hosting.com:2083\n    at Object.listHelpTopics (/home/destiny-tch/Downloads/tpm 226/hb-backend/hb-backend/src/models/Content.js:46:29)\n    at /home/destiny-tch/Downloads/tpm 226/hb-backend/hb-backend/src/modules/content/content.routes.js:67:34\n    at /home/destiny-tch/Downloads/tpm 226/hb-backend/hb-backend/src/modules/content/content.routes.js:12:42\n    at Layer.handle [as handle_request] (/home/destiny-tch/Downloads/tpm 226/hb-backend/hb-backend/node_modules/express/lib/router/layer.js:95:5)\n    at next (/home/destiny-tch/Downloads/tpm 226/hb-backend/hb-backend/node_modules/express/lib/router/route.js:149:13)\n    at Route.dispatch (/home/destiny-tch/Downloads/tpm 226/hb-backend/hb-backend/node_modules/express/lib/router/route.js:119:3)\n    at Layer.handle [as handle_request] (/home/destiny-tch/Downloads/tpm 226/hb-backend/hb-backend/node_modules/express/lib/router/layer.js:95:5)\n    at /home/destiny-tch/Downloads/tpm 226/hb-backend/hb-backend/node_modules/express/lib/router/index.js:284:15\n    at router.process_params (/home/destiny-tch/Downloads/tpm 226/hb-backend/hb-backend/node_modules/express/lib/router/index.js:346:12)\n    at next (/home/destiny-tch/Downloads/tpm 226/hb-backend/hb-backend/node_modules/express/lib/router/index.js:280:10)","path":"/content/help-topics"}
[2026-09-21T02:37:39.821Z] ERROR: Unhandled error {"message":"getaddrinfo ENOTFOUND https://server161.web-hosting.com:2083","stack":"Error: getaddrinfo ENOTFOUND https://server161.web-hosting.com:2083\n    at Object.listPublishedPosts (/home/destiny-tch/Downloads/tpm 226/hb-backend/hb-backend/src/models/Content.js:94:34)\n    at /home/destiny-tch/Downloads/tpm 226/hb-backend/hb-backend/src/modules/content/content.routes.js:87:34\n    at /home/destiny-tch/Downloads/tpm 226/hb-backend/hb-backend/src/modules/content/content.routes.js:12:42\n    at Layer.handle [as handle_request] (/home/destiny-tch/Downloads/tpm 226/hb-backend/hb-backend/node_modules/express/lib/router/layer.js:95:5)\n    at next (/home/destiny-tch/Downloads/tpm 226/hb-backend/hb-backend/node_modules/express/lib/router/route.js:149:13)\n    at Route.dispatch (/home/destiny-tch/Downloads/tpm 226/hb-backend/hb-backend/node_modules/express/lib/router/route.js:119:3)\n    at Layer.handle [as handle_request] (/home/destiny-tch/Downloads/tpm 226/hb-backend/hb-backend/node_modules/express/lib/router/layer.js:95:5)\n    at /home/destiny-tch/Downloads/tpm 226/hb-backend/hb-backend/node_modules/express/lib/router/index.js:284:15\n    at router.process_params (/home/destiny-tch/Downloads/tpm 226/hb-backend/hb-backend/node_modules/express/lib/router/index.js:346:12)\n    at next (/home/destiny-tch/Downloads/tpm 226/hb-backend/hb-backend/node_modules/express/lib/router/index.js:280:10)","path":"/content/blog"}
[2026-09-21T02:51:23.269Z] INFO: HouseBank API listening on port 3001 (development) 
[2026-09-21T02:51:23.270Z] WARNING: SMTP_HOST not configured — emails will be logged, not sent. 
[2026-09-21T02:51:23.270Z] WARNING: Mail transport: SMTP_HOST is not configured -- emails will not send. 
[2026-09-21T02:51:35.556Z] ERROR: Unhandled error {"message":"Table 'defaultdb.property_types' doesn't exist","stack":"Error: Table 'defaultdb.property_types' doesn't exist\n    at /home/destiny-tch/Downloads/tpm 226/hb-backend/hb-backend/src/modules/properties/properties.routes.js:71:31\n    at /home/destiny-tch/Downloads/tpm 226/hb-backend/hb-backend/src/modules/properties/properties.routes.js:22:42\n    at Layer.handle [as handle_request] (/home/destiny-tch/Downloads/tpm 226/hb-backend/hb-backend/node_modules/express/lib/router/layer.js:95:5)\n    at next (/home/destiny-tch/Downloads/tpm 226/hb-backend/hb-backend/node_modules/express/lib/router/route.js:149:13)\n    at Route.dispatch (/home/destiny-tch/Downloads/tpm 226/hb-backend/hb-backend/node_modules/express/lib/router/route.js:119:3)\n    at Layer.handle [as handle_request] (/home/destiny-tch/Downloads/tpm 226/hb-backend/hb-backend/node_modules/express/lib/router/layer.js:95:5)\n    at /home/destiny-tch/Downloads/tpm 226/hb-backend/hb-backend/node_modules/express/lib/router/index.js:284:15\n    at router.process_params (/home/destiny-tch/Downloads/tpm 226/hb-backend/hb-backend/node_modules/express/lib/router/index.js:346:12)\n    at next (/home/destiny-tch/Downloads/tpm 226/hb-backend/hb-backend/node_modules/express/lib/router/index.js:280:10)\n    at router.handle (/home/destiny-tch/Downloads/tpm 226/hb-backend/hb-backend/node_modules/express/lib/router/index.js:175:3)","path":"/properties/types"}
[2026-09-21T02:51:36.485Z] ERROR: Unhandled error {"message":"Table 'defaultdb.page_content_items' doesn't exist","stack":"Error: Table 'defaultdb.page_content_items' doesn't exist\n    at Object.listByPage (/home/destiny-tch/Downloads/tpm 226/hb-backend/hb-backend/src/models/PageContent.js:24:29)\n    at /home/destiny-tch/Downloads/tpm 226/hb-backend/hb-backend/src/modules/content/content.routes.js:31:37\n    at /home/destiny-tch/Downloads/tpm 226/hb-backend/hb-backend/src/modules/content/content.routes.js:12:42\n    at Layer.handle [as handle_request] (/home/destiny-tch/Downloads/tpm 226/hb-backend/hb-backend/node_modules/express/lib/router/layer.js:95:5)\n    at next (/home/destiny-tch/Downloads/tpm 226/hb-backend/hb-backend/node_modules/express/lib/router/route.js:149:13)\n    at Route.dispatch (/home/destiny-tch/Downloads/tpm 226/hb-backend/hb-backend/node_modules/express/lib/router/route.js:119:3)\n    at Layer.handle [as handle_request] (/home/destiny-tch/Downloads/tpm 226/hb-backend/hb-backend/node_modules/express/lib/router/layer.js:95:5)\n    at /home/destiny-tch/Downloads/tpm 226/hb-backend/hb-backend/node_modules/express/lib/router/index.js:284:15\n    at router.process_params (/home/destiny-tch/Downloads/tpm 226/hb-backend/hb-backend/node_modules/express/lib/router/index.js:346:12)\n    at next (/home/destiny-tch/Downloads/tpm 226/hb-backend/hb-backend/node_modules/express/lib/router/index.js:280:10)","path":"/content/page-items"}
[2026-09-21T02:51:36.489Z] ERROR: Unhandled error {"message":"Table 'defaultdb.blog_posts' doesn't exist","stack":"Error: Table 'defaultdb.blog_posts' doesn't exist\n    at Object.listPublishedPosts (/home/destiny-tch/Downloads/tpm 226/hb-backend/hb-backend/src/models/Content.js:94:34)\n    at /home/destiny-tch/Downloads/tpm 226/hb-backend/hb-backend/src/modules/content/content.routes.js:87:34\n    at /home/destiny-tch/Downloads/tpm 226/hb-backend/hb-backend/src/modules/content/content.routes.js:12:42\n    at Layer.handle [as handle_request] (/home/destiny-tch/Downloads/tpm 226/hb-backend/hb-backend/node_modules/express/lib/router/layer.js:95:5)\n    at next (/home/destiny-tch/Downloads/tpm 226/hb-backend/hb-backend/node_modules/express/lib/router/route.js:149:13)\n    at Route.dispatch (/home/destiny-tch/Downloads/tpm 226/hb-backend/hb-backend/node_modules/express/lib/router/route.js:119:3)\n    at Layer.handle [as handle_request] (/home/destiny-tch/Downloads/tpm 226/hb-backend/hb-backend/node_modules/express/lib/router/layer.js:95:5)\n    at /home/destiny-tch/Downloads/tpm 226/hb-backend/hb-backend/node_modules/express/lib/router/index.js:284:15\n    at router.process_params (/home/destiny-tch/Downloads/tpm 226/hb-backend/hb-backend/node_modules/express/lib/router/index.js:346:12)\n    at next (/home/destiny-tch/Downloads/tpm 226/hb-backend/hb-backend/node_modules/express/lib/router/index.js:280:10)","path":"/content/blog"}
[2026-09-21T02:51:36.493Z] ERROR: Unhandled error {"message":"Table 'defaultdb.help_topics' doesn't exist","stack":"Error: Table 'defaultdb.help_topics' doesn't exist\n    at Object.listHelpTopics (/home/destiny-tch/Downloads/tpm 226/hb-backend/hb-backend/src/models/Content.js:46:29)\n    at /home/destiny-tch/Downloads/tpm 226/hb-backend/hb-backend/src/modules/content/content.routes.js:67:34\n    at /home/destiny-tch/Downloads/tpm 226/hb-backend/hb-backend/src/modules/content/content.routes.js:12:42\n    at Layer.handle [as handle_request] (/home/destiny-tch/Downloads/tpm 226/hb-backend/hb-backend/node_modules/express/lib/router/layer.js:95:5)\n    at next (/home/destiny-tch/Downloads/tpm 226/hb-backend/hb-backend/node_modules/express/lib/router/route.js:149:13)\n    at Route.dispatch (/home/destiny-tch/Downloads/tpm 226/hb-backend/hb-backend/node_modules/express/lib/router/route.js:119:3)\n    at Layer.handle [as handle_request] (/home/destiny-tch/Downloads/tpm 226/hb-backend/hb-backend/node_modules/express/lib/router/layer.js:95:5)\n    at /home/destiny-tch/Downloads/tpm 226/hb-backend/hb-backend/node_modules/express/lib/router/index.js:284:15\n    at router.process_params (/home/destiny-tch/Downloads/tpm 226/hb-backend/hb-backend/node_modules/express/lib/router/index.js:346:12)\n    at next (/home/destiny-tch/Downloads/tpm 226/hb-backend/hb-backend/node_modules/express/lib/router/index.js:280:10)","path":"/content/help-topics"}
[2026-09-21T02:51:36.499Z] ERROR: Unhandled error {"message":"Table 'defaultdb.properties' doesn't exist","stack":"Error: Table 'defaultdb.properties' doesn't exist\n    at Object.searchApproved (/home/destiny-tch/Downloads/tpm 226/hb-backend/hb-backend/src/models/Property.js:122:34)\n    at /home/destiny-tch/Downloads/tpm 226/hb-backend/hb-backend/src/modules/properties/properties.routes.js:62:35\n    at /home/destiny-tch/Downloads/tpm 226/hb-backend/hb-backend/src/modules/properties/properties.routes.js:22:42\n    at Layer.handle [as handle_request] (/home/destiny-tch/Downloads/tpm 226/hb-backend/hb-backend/node_modules/express/lib/router/layer.js:95:5)\n    at next (/home/destiny-tch/Downloads/tpm 226/hb-backend/hb-backend/node_modules/express/lib/router/route.js:149:13)\n    at Route.dispatch (/home/destiny-tch/Downloads/tpm 226/hb-backend/hb-backend/node_modules/express/lib/router/route.js:119:3)\n    at Layer.handle [as handle_request] (/home/destiny-tch/Downloads/tpm 226/hb-backend/hb-backend/node_modules/express/lib/router/layer.js:95:5)\n    at /home/destiny-tch/Downloads/tpm 226/hb-backend/hb-backend/node_modules/express/lib/router/index.js:284:15\n    at router.process_params (/home/destiny-tch/Downloads/tpm 226/hb-backend/hb-backend/node_modules/express/lib/router/index.js:346:12)\n    at next (/home/destiny-tch/Downloads/tpm 226/hb-backend/hb-backend/node_modules/express/lib/router/index.js:280:10)","path":"/properties"}
[2026-09-21T03:05:16.057Z] ERROR: Unhandled error {"message":"read ECONNRESET","stack":"Error: read ECONNRESET\n    at /home/destiny-tch/Downloads/tpm 226/hb-backend/hb-backend/src/modules/properties/properties.routes.js:71:31\n    at /home/destiny-tch/Downloads/tpm 226/hb-backend/hb-backend/src/modules/properties/properties.routes.js:22:42\n    at Layer.handle [as handle_request] (/home/destiny-tch/Downloads/tpm 226/hb-backend/hb-backend/node_modules/express/lib/router/layer.js:95:5)\n    at next (/home/destiny-tch/Downloads/tpm 226/hb-backend/hb-backend/node_modules/express/lib/router/route.js:149:13)\n    at Route.dispatch (/home/destiny-tch/Downloads/tpm 226/hb-backend/hb-backend/node_modules/express/lib/router/route.js:119:3)\n    at Layer.handle [as handle_request] (/home/destiny-tch/Downloads/tpm 226/hb-backend/hb-backend/node_modules/express/lib/router/layer.js:95:5)\n    at /home/destiny-tch/Downloads/tpm 226/hb-backend/hb-backend/node_modules/express/lib/router/index.js:284:15\n    at router.process_params (/home/destiny-tch/Downloads/tpm 226/hb-backend/hb-backend/node_modules/express/lib/router/index.js:346:12)\n    at next (/home/destiny-tch/Downloads/tpm 226/hb-backend/hb-backend/node_modules/express/lib/router/index.js:280:10)\n    at router.handle (/home/destiny-tch/Downloads/tpm 226/hb-backend/hb-backend/node_modules/express/lib/router/index.js:175:3)","path":"/properties/types"}
[2026-09-21T03:05:16.066Z] ERROR: Unhandled error {"message":"read ECONNRESET","stack":"Error: read ECONNRESET\n    at Object.listByPage (/home/destiny-tch/Downloads/tpm 226/hb-backend/hb-backend/src/models/PageContent.js:24:29)\n    at /home/destiny-tch/Downloads/tpm 226/hb-backend/hb-backend/src/modules/content/content.routes.js:31:37\n    at /home/destiny-tch/Downloads/tpm 226/hb-backend/hb-backend/src/modules/content/content.routes.js:12:42\n    at Layer.handle [as handle_request] (/home/destiny-tch/Downloads/tpm 226/hb-backend/hb-backend/node_modules/express/lib/router/layer.js:95:5)\n    at next (/home/destiny-tch/Downloads/tpm 226/hb-backend/hb-backend/node_modules/express/lib/router/route.js:149:13)\n    at Route.dispatch (/home/destiny-tch/Downloads/tpm 226/hb-backend/hb-backend/node_modules/express/lib/router/route.js:119:3)\n    at Layer.handle [as handle_request] (/home/destiny-tch/Downloads/tpm 226/hb-backend/hb-backend/node_modules/express/lib/router/layer.js:95:5)\n    at /home/destiny-tch/Downloads/tpm 226/hb-backend/hb-backend/node_modules/express/lib/router/index.js:284:15\n    at router.process_params (/home/destiny-tch/Downloads/tpm 226/hb-backend/hb-backend/node_modules/express/lib/router/index.js:346:12)\n    at next (/home/destiny-tch/Downloads/tpm 226/hb-backend/hb-backend/node_modules/express/lib/router/index.js:280:10)","path":"/content/page-items"}
[2026-09-21T03:05:16.068Z] ERROR: Unhandled error {"message":"read ECONNRESET","stack":"Error: read ECONNRESET\n    at Object.searchApproved (/home/destiny-tch/Downloads/tpm 226/hb-backend/hb-backend/src/models/Property.js:122:34)\n    at /home/destiny-tch/Downloads/tpm 226/hb-backend/hb-backend/src/modules/properties/properties.routes.js:62:35\n    at /home/destiny-tch/Downloads/tpm 226/hb-backend/hb-backend/src/modules/properties/properties.routes.js:22:42\n    at Layer.handle [as handle_request] (/home/destiny-tch/Downloads/tpm 226/hb-backend/hb-backend/node_modules/express/lib/router/layer.js:95:5)\n    at next (/home/destiny-tch/Downloads/tpm 226/hb-backend/hb-backend/node_modules/express/lib/router/route.js:149:13)\n    at Route.dispatch (/home/destiny-tch/Downloads/tpm 226/hb-backend/hb-backend/node_modules/express/lib/router/route.js:119:3)\n    at Layer.handle [as handle_request] (/home/destiny-tch/Downloads/tpm 226/hb-backend/hb-backend/node_modules/express/lib/router/layer.js:95:5)\n    at /home/destiny-tch/Downloads/tpm 226/hb-backend/hb-backend/node_modules/express/lib/router/index.js:284:15\n    at router.process_params (/home/destiny-tch/Downloads/tpm 226/hb-backend/hb-backend/node_modules/express/lib/router/index.js:346:12)\n    at next (/home/destiny-tch/Downloads/tpm 226/hb-backend/hb-backend/node_modules/express/lib/router/index.js:280:10)","path":"/properties"}
[2026-09-21T03:05:16.131Z] ERROR: Unhandled error {"message":"read ECONNRESET","stack":"Error: read ECONNRESET\n    at Object.listHelpTopics (/home/destiny-tch/Downloads/tpm 226/hb-backend/hb-backend/src/models/Content.js:46:29)\n    at /home/destiny-tch/Downloads/tpm 226/hb-backend/hb-backend/src/modules/content/content.routes.js:67:34\n    at /home/destiny-tch/Downloads/tpm 226/hb-backend/hb-backend/src/modules/content/content.routes.js:12:42\n    at Layer.handle [as handle_request] (/home/destiny-tch/Downloads/tpm 226/hb-backend/hb-backend/node_modules/express/lib/router/layer.js:95:5)\n    at next (/home/destiny-tch/Downloads/tpm 226/hb-backend/hb-backend/node_modules/express/lib/router/route.js:149:13)\n    at Route.dispatch (/home/destiny-tch/Downloads/tpm 226/hb-backend/hb-backend/node_modules/express/lib/router/route.js:119:3)\n    at Layer.handle [as handle_request] (/home/destiny-tch/Downloads/tpm 226/hb-backend/hb-backend/node_modules/express/lib/router/layer.js:95:5)\n    at /home/destiny-tch/Downloads/tpm 226/hb-backend/hb-backend/node_modules/express/lib/router/index.js:284:15\n    at router.process_params (/home/destiny-tch/Downloads/tpm 226/hb-backend/hb-backend/node_modules/express/lib/router/index.js:346:12)\n    at next (/home/destiny-tch/Downloads/tpm 226/hb-backend/hb-backend/node_modules/express/lib/router/index.js:280:10)","path":"/content/help-topics"}
[2026-09-21T03:05:16.142Z] ERROR: Unhandled error {"message":"read ECONNRESET","stack":"Error: read ECONNRESET\n    at Object.listPublishedPosts (/home/destiny-tch/Downloads/tpm 226/hb-backend/hb-backend/src/models/Content.js:94:34)\n    at /home/destiny-tch/Downloads/tpm 226/hb-backend/hb-backend/src/modules/content/content.routes.js:87:34\n    at /home/destiny-tch/Downloads/tpm 226/hb-backend/hb-backend/src/modules/content/content.routes.js:12:42\n    at Layer.handle [as handle_request] (/home/destiny-tch/Downloads/tpm 226/hb-backend/hb-backend/node_modules/express/lib/router/layer.js:95:5)\n    at next (/home/destiny-tch/Downloads/tpm 226/hb-backend/hb-backend/node_modules/express/lib/router/route.js:149:13)\n    at Route.dispatch (/home/destiny-tch/Downloads/tpm 226/hb-backend/hb-backend/node_modules/express/lib/router/route.js:119:3)\n    at Layer.handle [as handle_request] (/home/destiny-tch/Downloads/tpm 226/hb-backend/hb-backend/node_modules/express/lib/router/layer.js:95:5)\n    at /home/destiny-tch/Downloads/tpm 226/hb-backend/hb-backend/node_modules/express/lib/router/index.js:284:15\n    at router.process_params (/home/destiny-tch/Downloads/tpm 226/hb-backend/hb-backend/node_modules/express/lib/router/index.js:346:12)\n    at next (/home/destiny-tch/Downloads/tpm 226/hb-backend/hb-backend/node_modules/express/lib/router/index.js:280:10)","path":"/content/blog"}
[2026-09-21T03:08:28.536Z] ERROR: Unhandled error {"message":"Table 'defaultdb.page_content_items' doesn't exist","stack":"Error: Table 'defaultdb.page_content_items' doesn't exist\n    at Object.listByPage (/home/destiny-tch/Downloads/tpm 226/hb-backend/hb-backend/src/models/PageContent.js:24:29)\n    at /home/destiny-tch/Downloads/tpm 226/hb-backend/hb-backend/src/modules/content/content.routes.js:31:37\n    at /home/destiny-tch/Downloads/tpm 226/hb-backend/hb-backend/src/modules/content/content.routes.js:12:42\n    at Layer.handle [as handle_request] (/home/destiny-tch/Downloads/tpm 226/hb-backend/hb-backend/node_modules/express/lib/router/layer.js:95:5)\n    at next (/home/destiny-tch/Downloads/tpm 226/hb-backend/hb-backend/node_modules/express/lib/router/route.js:149:13)\n    at Route.dispatch (/home/destiny-tch/Downloads/tpm 226/hb-backend/hb-backend/node_modules/express/lib/router/route.js:119:3)\n    at Layer.handle [as handle_request] (/home/destiny-tch/Downloads/tpm 226/hb-backend/hb-backend/node_modules/express/lib/router/layer.js:95:5)\n    at /home/destiny-tch/Downloads/tpm 226/hb-backend/hb-backend/node_modules/express/lib/router/index.js:284:15\n    at router.process_params (/home/destiny-tch/Downloads/tpm 226/hb-backend/hb-backend/node_modules/express/lib/router/index.js:346:12)\n    at next (/home/destiny-tch/Downloads/tpm 226/hb-backend/hb-backend/node_modules/express/lib/router/index.js:280:10)","path":"/content/page-items"}
[2026-09-21T03:08:28.542Z] ERROR: Unhandled error {"message":"Table 'defaultdb.help_topics' doesn't exist","stack":"Error: Table 'defaultdb.help_topics' doesn't exist\n    at Object.listHelpTopics (/home/destiny-tch/Downloads/tpm 226/hb-backend/hb-backend/src/models/Content.js:46:29)\n    at /home/destiny-tch/Downloads/tpm 226/hb-backend/hb-backend/src/modules/content/content.routes.js:67:34\n    at /home/destiny-tch/Downloads/tpm 226/hb-backend/hb-backend/src/modules/content/content.routes.js:12:42\n    at Layer.handle [as handle_request] (/home/destiny-tch/Downloads/tpm 226/hb-backend/hb-backend/node_modules/express/lib/router/layer.js:95:5)\n    at next (/home/destiny-tch/Downloads/tpm 226/hb-backend/hb-backend/node_modules/express/lib/router/route.js:149:13)\n    at Route.dispatch (/home/destiny-tch/Downloads/tpm 226/hb-backend/hb-backend/node_modules/express/lib/router/route.js:119:3)\n    at Layer.handle [as handle_request] (/home/destiny-tch/Downloads/tpm 226/hb-backend/hb-backend/node_modules/express/lib/router/layer.js:95:5)\n    at /home/destiny-tch/Downloads/tpm 226/hb-backend/hb-backend/node_modules/express/lib/router/index.js:284:15\n    at router.process_params (/home/destiny-tch/Downloads/tpm 226/hb-backend/hb-backend/node_modules/express/lib/router/index.js:346:12)\n    at next (/home/destiny-tch/Downloads/tpm 226/hb-backend/hb-backend/node_modules/express/lib/router/index.js:280:10)","path":"/content/help-topics"}
[2026-09-21T03:08:28.554Z] ERROR: Unhandled error {"message":"Table 'defaultdb.properties' doesn't exist","stack":"Error: Table 'defaultdb.properties' doesn't exist\n    at Object.searchApproved (/home/destiny-tch/Downloads/tpm 226/hb-backend/hb-backend/src/models/Property.js:122:34)\n    at /home/destiny-tch/Downloads/tpm 226/hb-backend/hb-backend/src/modules/properties/properties.routes.js:62:35\n    at /home/destiny-tch/Downloads/tpm 226/hb-backend/hb-backend/src/modules/properties/properties.routes.js:22:42\n    at Layer.handle [as handle_request] (/home/destiny-tch/Downloads/tpm 226/hb-backend/hb-backend/node_modules/express/lib/router/layer.js:95:5)\n    at next (/home/destiny-tch/Downloads/tpm 226/hb-backend/hb-backend/node_modules/express/lib/router/route.js:149:13)\n    at Route.dispatch (/home/destiny-tch/Downloads/tpm 226/hb-backend/hb-backend/node_modules/express/lib/router/route.js:119:3)\n    at Layer.handle [as handle_request] (/home/destiny-tch/Downloads/tpm 226/hb-backend/hb-backend/node_modules/express/lib/router/layer.js:95:5)\n    at /home/destiny-tch/Downloads/tpm 226/hb-backend/hb-backend/node_modules/express/lib/router/index.js:284:15\n    at router.process_params (/home/destiny-tch/Downloads/tpm 226/hb-backend/hb-backend/node_modules/express/lib/router/index.js:346:12)\n    at next (/home/destiny-tch/Downloads/tpm 226/hb-backend/hb-backend/node_modules/express/lib/router/index.js:280:10)","path":"/properties"}
[2026-09-21T03:08:28.558Z] ERROR: Unhandled error {"message":"Table 'defaultdb.property_types' doesn't exist","stack":"Error: Table 'defaultdb.property_types' doesn't exist\n    at /home/destiny-tch/Downloads/tpm 226/hb-backend/hb-backend/src/modules/properties/properties.routes.js:71:31\n    at /home/destiny-tch/Downloads/tpm 226/hb-backend/hb-backend/src/modules/properties/properties.routes.js:22:42\n    at Layer.handle [as handle_request] (/home/destiny-tch/Downloads/tpm 226/hb-backend/hb-backend/node_modules/express/lib/router/layer.js:95:5)\n    at next (/home/destiny-tch/Downloads/tpm 226/hb-backend/hb-backend/node_modules/express/lib/router/route.js:149:13)\n    at Route.dispatch (/home/destiny-tch/Downloads/tpm 226/hb-backend/hb-backend/node_modules/express/lib/router/route.js:119:3)\n    at Layer.handle [as handle_request] (/home/destiny-tch/Downloads/tpm 226/hb-backend/hb-backend/node_modules/express/lib/router/layer.js:95:5)\n    at /home/destiny-tch/Downloads/tpm 226/hb-backend/hb-backend/node_modules/express/lib/router/index.js:284:15\n    at router.process_params (/home/destiny-tch/Downloads/tpm 226/hb-backend/hb-backend/node_modules/express/lib/router/index.js:346:12)\n    at next (/home/destiny-tch/Downloads/tpm 226/hb-backend/hb-backend/node_modules/express/lib/router/index.js:280:10)\n    at router.handle (/home/destiny-tch/Downloads/tpm 226/hb-backend/hb-backend/node_modules/express/lib/router/index.js:175:3)","path":"/properties/types"}
[2026-09-21T03:08:28.575Z] ERROR: Unhandled error {"message":"Table 'defaultdb.blog_posts' doesn't exist","stack":"Error: Table 'defaultdb.blog_posts' doesn't exist\n    at Object.listPublishedPosts (/home/destiny-tch/Downloads/tpm 226/hb-backend/hb-backend/src/models/Content.js:94:34)\n    at /home/destiny-tch/Downloads/tpm 226/hb-backend/hb-backend/src/modules/content/content.routes.js:87:34\n    at /home/destiny-tch/Downloads/tpm 226/hb-backend/hb-backend/src/modules/content/content.routes.js:12:42\n    at Layer.handle [as handle_request] (/home/destiny-tch/Downloads/tpm 226/hb-backend/hb-backend/node_modules/express/lib/router/layer.js:95:5)\n    at next (/home/destiny-tch/Downloads/tpm 226/hb-backend/hb-backend/node_modules/express/lib/router/route.js:149:13)\n    at Route.dispatch (/home/destiny-tch/Downloads/tpm 226/hb-backend/hb-backend/node_modules/express/lib/router/route.js:119:3)\n    at Layer.handle [as handle_request] (/home/destiny-tch/Downloads/tpm 226/hb-backend/hb-backend/node_modules/express/lib/router/layer.js:95:5)\n    at /home/destiny-tch/Downloads/tpm 226/hb-backend/hb-backend/node_modules/express/lib/router/index.js:284:15\n    at router.process_params (/home/destiny-tch/Downloads/tpm 226/hb-backend/hb-backend/node_modules/express/lib/router/index.js:346:12)\n    at next (/home/destiny-tch/Downloads/tpm 226/hb-backend/hb-backend/node_modules/express/lib/router/index.js:280:10)","path":"/content/blog"}
[2026-09-21T03:18:35.469Z] ERROR: Unhandled error {"message":"read ECONNRESET","stack":"Error: read ECONNRESET\n    at /home/destiny-tch/Downloads/tpm 226/hb-backend/hb-backend/src/modules/properties/properties.routes.js:71:31\n    at /home/destiny-tch/Downloads/tpm 226/hb-backend/hb-backend/src/modules/properties/properties.routes.js:22:42\n    at Layer.handle [as handle_request] (/home/destiny-tch/Downloads/tpm 226/hb-backend/hb-backend/node_modules/express/lib/router/layer.js:95:5)\n    at next (/home/destiny-tch/Downloads/tpm 226/hb-backend/hb-backend/node_modules/express/lib/router/route.js:149:13)\n    at Route.dispatch (/home/destiny-tch/Downloads/tpm 226/hb-backend/hb-backend/node_modules/express/lib/router/route.js:119:3)\n    at Layer.handle [as handle_request] (/home/destiny-tch/Downloads/tpm 226/hb-backend/hb-backend/node_modules/express/lib/router/layer.js:95:5)\n    at /home/destiny-tch/Downloads/tpm 226/hb-backend/hb-backend/node_modules/express/lib/router/index.js:284:15\n    at router.process_params (/home/destiny-tch/Downloads/tpm 226/hb-backend/hb-backend/node_modules/express/lib/router/index.js:346:12)\n    at next (/home/destiny-tch/Downloads/tpm 226/hb-backend/hb-backend/node_modules/express/lib/router/index.js:280:10)\n    at router.handle (/home/destiny-tch/Downloads/tpm 226/hb-backend/hb-backend/node_modules/express/lib/router/index.js:175:3)","path":"/properties/types"}
[2026-09-21T03:18:35.514Z] ERROR: Unhandled error {"message":"read ECONNRESET","stack":"Error: read ECONNRESET\n    at Object.findOpen (/home/destiny-tch/Downloads/tpm 226/hb-backend/hb-backend/src/models/InvestmentProperty.js:47:29)\n    at /home/destiny-tch/Downloads/tpm 226/hb-backend/hb-backend/src/modules/investments/investments.routes.js:27:45\n    at /home/destiny-tch/Downloads/tpm 226/hb-backend/hb-backend/src/modules/investments/investments.routes.js:19:42\n    at Layer.handle [as handle_request] (/home/destiny-tch/Downloads/tpm 226/hb-backend/hb-backend/node_modules/express/lib/router/layer.js:95:5)\n    at next (/home/destiny-tch/Downloads/tpm 226/hb-backend/hb-backend/node_modules/express/lib/router/route.js:149:13)\n    at Route.dispatch (/home/destiny-tch/Downloads/tpm 226/hb-backend/hb-backend/node_modules/express/lib/router/route.js:119:3)\n    at Layer.handle [as handle_request] (/home/destiny-tch/Downloads/tpm 226/hb-backend/hb-backend/node_modules/express/lib/router/layer.js:95:5)\n    at /home/destiny-tch/Downloads/tpm 226/hb-backend/hb-backend/node_modules/express/lib/router/index.js:284:15\n    at router.process_params (/home/destiny-tch/Downloads/tpm 226/hb-backend/hb-backend/node_modules/express/lib/router/index.js:346:12)\n    at next (/home/destiny-tch/Downloads/tpm 226/hb-backend/hb-backend/node_modules/express/lib/router/index.js:280:10)","path":"/investments/opportunities"}
[2026-09-21T03:18:35.517Z] ERROR: Unhandled error {"message":"read ECONNRESET","stack":"Error: read ECONNRESET\n    at Object.searchApproved (/home/destiny-tch/Downloads/tpm 226/hb-backend/hb-backend/src/models/Property.js:122:34)\n    at /home/destiny-tch/Downloads/tpm 226/hb-backend/hb-backend/src/modules/properties/properties.routes.js:62:35\n    at /home/destiny-tch/Downloads/tpm 226/hb-backend/hb-backend/src/modules/properties/properties.routes.js:22:42\n    at Layer.handle [as handle_request] (/home/destiny-tch/Downloads/tpm 226/hb-backend/hb-backend/node_modules/express/lib/router/layer.js:95:5)\n    at next (/home/destiny-tch/Downloads/tpm 226/hb-backend/hb-backend/node_modules/express/lib/router/route.js:149:13)\n    at Route.dispatch (/home/destiny-tch/Downloads/tpm 226/hb-backend/hb-backend/node_modules/express/lib/router/route.js:119:3)\n    at Layer.handle [as handle_request] (/home/destiny-tch/Downloads/tpm 226/hb-backend/hb-backend/node_modules/express/lib/router/layer.js:95:5)\n    at /home/destiny-tch/Downloads/tpm 226/hb-backend/hb-backend/node_modules/express/lib/router/index.js:284:15\n    at router.process_params (/home/destiny-tch/Downloads/tpm 226/hb-backend/hb-backend/node_modules/express/lib/router/index.js:346:12)\n    at next (/home/destiny-tch/Downloads/tpm 226/hb-backend/hb-backend/node_modules/express/lib/router/index.js:280:10)","path":"/properties"}
[2026-09-21T03:18:35.521Z] ERROR: Unhandled error {"message":"read ECONNRESET","stack":"Error: read ECONNRESET\n    at Object.searchApproved (/home/destiny-tch/Downloads/tpm 226/hb-backend/hb-backend/src/models/Property.js:122:34)\n    at /home/destiny-tch/Downloads/tpm 226/hb-backend/hb-backend/src/modules/properties/properties.routes.js:62:35\n    at /home/destiny-tch/Downloads/tpm 226/hb-backend/hb-backend/src/modules/properties/properties.routes.js:22:42\n    at Layer.handle [as handle_request] (/home/destiny-tch/Downloads/tpm 226/hb-backend/hb-backend/node_modules/express/lib/router/layer.js:95:5)\n    at next (/home/destiny-tch/Downloads/tpm 226/hb-backend/hb-backend/node_modules/express/lib/router/route.js:149:13)\n    at Route.dispatch (/home/destiny-tch/Downloads/tpm 226/hb-backend/hb-backend/node_modules/express/lib/router/route.js:119:3)\n    at Layer.handle [as handle_request] (/home/destiny-tch/Downloads/tpm 226/hb-backend/hb-backend/node_modules/express/lib/router/layer.js:95:5)\n    at /home/destiny-tch/Downloads/tpm 226/hb-backend/hb-backend/node_modules/express/lib/router/index.js:284:15\n    at router.process_params (/home/destiny-tch/Downloads/tpm 226/hb-backend/hb-backend/node_modules/express/lib/router/index.js:346:12)\n    at next (/home/destiny-tch/Downloads/tpm 226/hb-backend/hb-backend/node_modules/express/lib/router/index.js:280:10)","path":"/properties"}
[2026-09-21T03:18:48.640Z] ERROR: Unhandled error {"message":"read ECONNRESET","stack":"Error: read ECONNRESET\n    at /home/destiny-tch/Downloads/tpm 226/hb-backend/hb-backend/src/modules/properties/properties.routes.js:71:31\n    at /home/destiny-tch/Downloads/tpm 226/hb-backend/hb-backend/src/modules/properties/properties.routes.js:22:42\n    at Layer.handle [as handle_request] (/home/destiny-tch/Downloads/tpm 226/hb-backend/hb-backend/node_modules/express/lib/router/layer.js:95:5)\n    at next (/home/destiny-tch/Downloads/tpm 226/hb-backend/hb-backend/node_modules/express/lib/router/route.js:149:13)\n    at Route.dispatch (/home/destiny-tch/Downloads/tpm 226/hb-backend/hb-backend/node_modules/express/lib/router/route.js:119:3)\n    at Layer.handle [as handle_request] (/home/destiny-tch/Downloads/tpm 226/hb-backend/hb-backend/node_modules/express/lib/router/layer.js:95:5)\n    at /home/destiny-tch/Downloads/tpm 226/hb-backend/hb-backend/node_modules/express/lib/router/index.js:284:15\n    at router.process_params (/home/destiny-tch/Downloads/tpm 226/hb-backend/hb-backend/node_modules/express/lib/router/index.js:346:12)\n    at next (/home/destiny-tch/Downloads/tpm 226/hb-backend/hb-backend/node_modules/express/lib/router/index.js:280:10)\n    at router.handle (/home/destiny-tch/Downloads/tpm 226/hb-backend/hb-backend/node_modules/express/lib/router/index.js:175:3)","path":"/properties/types"}
